game_id,season,week,game_type,team,opponent,team_score,opp_score,win,tie,giveaways,off_third_down_pct,takeaways,opp_third_down_pct,turnover_margin
2023_01_DET_KC,2023,1,REG,KC,DET,20.0,21.0,0,0,1.0,0.35714285714285715,1.0,0.3333333333333333,0.0
2023_01_CAR_ATL,2023,1,REG,ATL,CAR,24.0,10.0,1,0,0.0,0.2,3.0,0.35714285714285715,3.0
2023_01_HOU_BAL,2023,1,REG,BAL,HOU,25.0,9.0,1,0,2.0,0.5333333333333333,1.0,0.3888888888888889,-1.0
2023_01_CIN_CLE,2023,1,REG,CLE,CIN,24.0,3.0,1,0,2.0,0.2857142857142857,0.0,0.13333333333333333,-2.0
2023_01_JAX_IND,2023,1,REG,IND,JAX,21.0,31.0,0,0,3.0,0.16666666666666666,2.0,0.25,-1.0
2023_01_TB_MIN,2023,1,REG,MIN,TB,17.0,20.0,0,0,3.0,0.42857142857142855,0.0,0.35294117647058826,-3.0
2023_01_TEN_NO,2023,1,REG,NO,TEN,16.0,15.0,1,0,2.0,0.4375,3.0,0.16666666666666666,1.0
2023_01_SF_PIT,2023,1,REG,PIT,SF,7.0,30.0,0,0,2.0,0.3333333333333333,1.0,0.46153846153846156,-1.0
2023_01_ARI_WAS,2023,1,REG,WAS,ARI,20.0,16.0,1,0,3.0,0.3333333333333333,2.0,0.2857142857142857,-1.0
2023_01_GB_CHI,2023,1,REG,CHI,GB,20.0,38.0,0,0,2.0,0.23076923076923078,0.0,0.5625,-2.0
2023_01_LV_DEN,2023,1,REG,DEN,LV,16.0,17.0,0,0,0.0,0.45454545454545453,1.0,0.45454545454545453,1.0
2023_01_MIA_LAC,2023,1,REG,LAC,MIA,34.0,36.0,0,0,0.0,0.6,2.0,0.4444444444444444,2.0
2023_01_PHI_NE,2023,1,REG,NE,PHI,20.0,25.0,0,0,2.0,0.3333333333333333,1.0,0.3076923076923077,-1.0
2023_01_LA_SEA,2023,1,REG,SEA,LA,13.0,30.0,0,0,0.0,0.2222222222222222,0.0,0.6470588235294118,0.0
2023_01_DAL_NYG,2023,1,REG,NYG,DAL,0.0,40.0,0,0,3.0,0.3125,0.0,0.46153846153846156,-3.0
2023_01_BUF_NYJ,2023,1,REG,NYJ,BUF,22.0,16.0,1,0,1.0,0.38461538461538464,4.0,0.38461538461538464,3.0
2023_02_MIN_PHI,2023,2,REG,PHI,MIN,34.0,28.0,1,0,2.0,0.42857142857142855,3.0,0.6,1.0
2023_02_GB_ATL,2023,2,REG,ATL,GB,25.0,24.0,1,0,1.0,0.4,0.0,0.3333333333333333,-1.0
2023_02_LV_BUF,2023,2,REG,BUF,LV,38.0,10.0,1,0,0.0,0.5384615384615384,3.0,0.42857142857142855,3.0
2023_02_BAL_CIN,2023,2,REG,CIN,BAL,24.0,27.0,0,0,1.0,0.6666666666666666,0.0,0.6428571428571429,-1.0
2023_02_SEA_DET,2023,2,REG,DET,SEA,31.0,37.0,0,0,3.0,0.5454545454545454,0.0,0.45454545454545453,-3.0
2023_02_IND_HOU,2023,2,REG,HOU,IND,20.0,31.0,0,0,1.0,0.47368421052631576,0.0,0.5,-1.0
2023_02_KC_JAX,2023,2,REG,JAX,KC,9.0,17.0,0,0,2.0,0.25,2.0,0.3076923076923077,0.0
2023_02_CHI_TB,2023,2,REG,TB,CHI,27.0,17.0,1,0,0.0,0.5333333333333333,2.0,0.46153846153846156,2.0
2023_02_LAC_TEN,2023,2,REG,TEN,LAC,27.0,24.0,1,0,0.0,0.46153846153846156,0.0,0.14285714285714285,0.0
2023_02_NYG_ARI,2023,2,REG,ARI,NYG,28.0,31.0,0,0,0.0,0.4,1.0,0.5833333333333334,1.0
2023_02_SF_LA,2023,2,REG,LA,SF,23.0,30.0,0,0,2.0,0.5,0.0,0.2222222222222222,-2.0
2023_02_NYJ_DAL,2023,2,REG,DAL,NYJ,30.0,10.0,1,0,0.0,0.5,4.0,0.1,4.0
2023_02_WAS_DEN,2023,2,REG,DEN,WAS,33.0,35.0,0,0,2.0,0.3333333333333333,0.0,0.3,-2.0
2023_02_MIA_NE,2023,2,REG,NE,MIA,17.0,24.0,0,0,2.0,0.4666666666666667,1.0,0.4,-1.0
2023_02_NO_CAR,2023,2,REG,CAR,NO,17.0,20.0,0,0,1.0,0.2857142857142857,1.0,0.4375,0.0
2023_02_CLE_PIT,2023,2,REG,PIT,CLE,26.0,22.0,1,0,2.0,0.2857142857142857,4.0,0.3125,2.0
2023_03_NYG_SF,2023,3,REG,SF,NYG,30.0,12.0,1,0,0.0,0.5625,1.0,0.25,1.0
2023_03_IND_BAL,2023,3,REG,BAL,IND,19.0,22.0,0,0,2.0,0.375,0.0,0.36363636363636365,-2.0
2023_03_TEN_CLE,2023,3,REG,CLE,TEN,27.0,3.0,1,0,1.0,0.46153846153846156,0.0,0.16666666666666666,-1.0
2023_03_ATL_DET,2023,3,REG,DET,ATL,20.0,6.0,1,0,1.0,0.2857142857142857,1.0,0.2857142857142857,0.0
2023_03_NO_GB,2023,3,REG,GB,NO,18.0,17.0,1,0,1.0,0.4444444444444444,0.0,0.2857142857142857,-1.0
2023_03_HOU_JAX,2023,3,REG,JAX,HOU,17.0,37.0,0,0,2.0,0.38461538461538464,0.0,0.6,-2.0
2023_03_DEN_MIA,2023,3,REG,MIA,DEN,70.0,20.0,1,0,0.0,0.5555555555555556,3.0,0.25,3.0
2023_03_LAC_MIN,2023,3,REG,MIN,LAC,24.0,28.0,0,0,2.0,0.2857142857142857,1.0,0.45454545454545453,-1.0
2023_03_NE_NYJ,2023,3,REG,NYJ,NE,10.0,15.0,0,0,0.0,0.14285714285714285,0.0,0.42105263157894735,0.0
2023_03_BUF_WAS,2023,3,REG,WAS,BUF,3.0,37.0,0,0,5.0,0.1111111111111111,1.0,0.6,-4.0
2023_03_CAR_SEA,2023,3,REG,SEA,CAR,37.0,27.0,1,0,1.0,0.23076923076923078,0.0,0.5263157894736842,-1.0
2023_03_DAL_ARI,2023,3,REG,ARI,DAL,28.0,16.0,1,0,0.0,0.5,1.0,0.5625,1.0
2023_03_CHI_KC,2023,3,REG,KC,CHI,41.0,10.0,1,0,2.0,0.7142857142857143,2.0,0.3333333333333333,0.0
2023_03_PIT_LV,2023,3,REG,LV,PIT,18.0,23.0,0,0,3.0,0.3076923076923077,0.0,0.4,-3.0
2023_03_PHI_TB,2023,3,REG,TB,PHI,11.0,25.0,0,0,2.0,0.5,2.0,0.625,0.0
2023_03_LA_CIN,2023,3,REG,CIN,LA,19.0,16.0,1,0,1.0,0.29411764705882354,2.0,0.09090909090909091,1.0
2023_04_DET_GB,2023,4,REG,GB,DET,20.0,34.0,0,0,2.0,0.2727272727272727,1.0,0.4117647058823529,-1.0
2023_04_ATL_JAX,2023,4,REG,JAX,ATL,23.0,7.0,1,0,0.0,0.35714285714285715,3.0,0.5,3.0
2023_04_MIA_BUF,2023,4,REG,BUF,MIA,48.0,20.0,1,0,0.0,0.5,2.0,0.3,2.0
2023_04_MIN_CAR,2023,4,REG,CAR,MIN,13.0,21.0,0,0,1.0,0.35714285714285715,2.0,0.125,1.0
2023_04_DEN_CHI,2023,4,REG,CHI,DEN,28.0,31.0,0,0,2.0,0.5,0.0,0.5454545454545454,-2.0
2023_04_BAL_CLE,2023,4,REG,CLE,BAL,3.0,28.0,0,0,3.0,0.25,1.0,0.3333333333333333,-2.0
2023_04_PIT_HOU,2023,4,REG,HOU,PIT,30.0,6.0,1,0,0.0,0.5,1.0,0.42857142857142855,1.0
2023_04_LA_IND,2023,4,REG,IND,LA,23.0,29.0,0,0,1.0,0.3,1.0,0.4,0.0
2023_04_TB_NO,2023,4,REG,NO,TB,9.0,26.0,0,0,3.0,0.35714285714285715,1.0,0.5333333333333333,-2.0
2023_04_WAS_PHI,2023,4,REG,PHI,WAS,34.0,31.0,1,0,0.0,0.3333333333333333,0.0,0.47058823529411764,0.0
2023_04_CIN_TEN,2023,4,REG,TEN,CIN,27.0,3.0,1,0,1.0,0.6153846153846154,1.0,0.2222222222222222,0.0
2023_04_LV_LAC,2023,4,REG,LAC,LV,24.0,17.0,1,0,1.0,0.35714285714285715,3.0,0.09090909090909091,2.0
2023_04_NE_DAL,2023,4,REG,DAL,NE,38.0,3.0,1,0,0.0,0.5333333333333333,3.0,0.3076923076923077,3.0
2023_04_ARI_SF,2023,4,REG,SF,ARI,35.0,16.0,1,0,0.0,0.6,0.0,0.5333333333333333,0.0
2023_04_KC_NYJ,2023,4,REG,NYJ,KC,20.0,23.0,0,0,1.0,0.4166666666666667,2.0,0.5833333333333334,1.0
2023_04_SEA_NYG,2023,4,REG,NYG,SEA,3.0,24.0,0,0,3.0,0.375,0.0,0.25,-3.0
2023_05_CHI_WAS,2023,5,REG,WAS,CHI,20.0,40.0,0,0,2.0,0.5,0.0,0.4666666666666667,-2.0
2023_05_JAX_BUF,2023,5,REG,BUF,JAX,20.0,25.0,0,0,2.0,0.4166666666666667,2.0,0.5555555555555556,0.0
2023_05_HOU_ATL,2023,5,REG,ATL,HOU,21.0,19.0,1,0,2.0,0.5,0.0,0.3076923076923077,-2.0
2023_05_CAR_DET,2023,5,REG,DET,CAR,42.0,24.0,1,0,0.0,0.4,3.0,0.5,3.0
2023_05_TEN_IND,2023,5,REG,IND,TEN,23.0,16.0,1,0,0.0,0.6153846153846154,1.0,0.4166666666666667,1.0
2023_05_NYG_MIA,2023,5,REG,MIA,NYG,31.0,16.0,1,0,3.0,0.375,0.0,0.29411764705882354,-3.0
2023_05_NO_NE,2023,5,REG,NE,NO,0.0,34.0,0,0,3.0,0.07142857142857142,0.0,0.3333333333333333,-3.0
2023_05_BAL_PIT,2023,5,REG,PIT,BAL,17.0,10.0,1,0,0.0,0.4,4.0,0.35714285714285715,4.0
2023_05_CIN_ARI,2023,5,REG,ARI,CIN,20.0,34.0,0,0,3.0,0.36363636363636365,1.0,0.35714285714285715,-2.0
2023_05_PHI_LA,2023,5,REG,LA,PHI,14.0,23.0,0,0,0.0,0.42857142857142855,1.0,0.7222222222222222,1.0
2023_05_NYJ_DEN,2023,5,REG,DEN,NYJ,21.0,31.0,0,0,3.0,0.4,2.0,0.25,-1.0
2023_05_KC_MIN,2023,5,REG,MIN,KC,20.0,27.0,0,0,1.0,0.42857142857142855,0.0,0.6,-1.0
2023_05_DAL_SF,2023,5,REG,SF,DAL,42.0,10.0,1,0,1.0,0.5454545454545454,4.0,0.36363636363636365,3.0
2023_05_GB_LV,2023,5,REG,LV,GB,17.0,13.0,1,0,1.0,0.38461538461538464,3.0,0.3333333333333333,2.0
2023_06_DEN_KC,2023,6,REG,KC,DEN,19.0,8.0,1,0,1.0,0.3076923076923077,3.0,0.4,2.0
2023_06_BAL_TEN,2023,6,REG,TEN,BAL,16.0,24.0,0,0,1.0,0.1111111111111111,2.0,0.5,1.0
2023_06_WAS_ATL,2023,6,REG,ATL,WAS,16.0,24.0,0,0,3.0,0.3333333333333333,0.0,0.2,-3.0
2023_06_MIN_CHI,2023,6,REG,CHI,MIN,13.0,19.0,0,0,3.0,0.42857142857142855,1.0,0.15384615384615385,-2.0
2023_06_SEA_CIN,2023,6,REG,CIN,SEA,17.0,13.0,1,0,1.0,0.2727272727272727,2.0,0.4166666666666667,1.0
2023_06_SF_CLE,2023,6,REG,CLE,SF,19.0,17.0,1,0,2.0,0.23076923076923078,1.0,0.25,-1.0
2023_06_NO_HOU,2023,6,REG,HOU,NO,20.0,13.0,1,0,2.0,0.36363636363636365,1.0,0.4,-1.0
2023_06_IND_JAX,2023,6,REG,JAX,IND,37.0,20.0,1,0,1.0,0.2857142857142857,4.0,0.35294117647058826,3.0
2023_06_CAR_MIA,2023,6,REG,MIA,CAR,42.0,21.0,1,0,1.0,0.5384615384615384,0.0,0.35714285714285715,-1.0
2023_06_NE_LV,2023,6,REG,LV,NE,21.0,17.0,1,0,1.0,0.5,1.0,0.5,0.0
2023_06_ARI_LA,2023,6,REG,LA,ARI,26.0,9.0,1,0,0.0,0.3333333333333333,3.0,0.375,3.0
2023_06_PHI_NYJ,2023,6,REG,NYJ,PHI,20.0,14.0,1,0,0.0,0.18181818181818182,4.0,0.5,4.0
2023_06_DET_TB,2023,6,REG,TB,DET,6.0,20.0,0,0,1.0,0.16666666666666666,0.0,0.5625,-1.0
2023_06_NYG_BUF,2023,6,REG,BUF,NYG,14.0,9.0,1,0,2.0,0.5,0.0,0.5263157894736842,-2.0
2023_06_DAL_LAC,2023,6,REG,LAC,DAL,17.0,20.0,0,0,2.0,0.35714285714285715,0.0,0.38461538461538464,-2.0
2023_07_JAX_NO,2023,7,REG,NO,JAX,24.0,31.0,0,0,2.0,0.16666666666666666,1.0,0.18181818181818182,-1.0
2023_07_DET_BAL,2023,7,REG,BAL,DET,38.0,6.0,1,0,1.0,0.5,1.0,0.3125,0.0
2023_07_LV_CHI,2023,7,REG,CHI,LV,30.0,12.0,1,0,0.0,0.6153846153846154,3.0,0.2222222222222222,3.0
2023_07_CLE_IND,2023,7,REG,IND,CLE,38.0,39.0,0,0,4.0,0.4666666666666667,2.0,0.25,-2.0
2023_07_BUF_NE,2023,7,REG,NE,BUF,29.0,25.0,1,0,1.0,0.4444444444444444,2.0,0.4166666666666667,1.0
2023_07_WAS_NYG,2023,7,REG,NYG,WAS,14.0,7.0,1,0,1.0,0.3125,2.0,0.06666666666666667,1.0
2023_07_ATL_TB,2023,7,REG,TB,ATL,13.0,16.0,0,0,2.0,0.5,3.0,0.5384615384615384,1.0
2023_07_PIT_LA,2023,7,REG,LA,PIT,17.0,24.0,0,0,1.0,0.5625,0.0,0.3333333333333333,-1.0
2023_07_ARI_SEA,2023,7,REG,SEA,ARI,20.0,10.0,1,0,2.0,0.5384615384615384,1.0,0.3333333333333333,-1.0
2023_07_GB_DEN,2023,7,REG,DEN,GB,19.0,17.0,1,0,0.0,0.4166666666666667,1.0,0.42857142857142855,1.0
2023_07_LAC_KC,2023,7,REG,KC,LAC,31.0,17.0,1,0,2.0,0.5454545454545454,2.0,0.42857142857142855,0.0
2023_07_MIA_PHI,2023,7,REG,PHI,MIA,31.0,17.0,1,0,2.0,0.3333333333333333,1.0,0.36363636363636365,-1.0
2023_07_SF_MIN,2023,7,REG,MIN,SF,22.0,17.0,1,0,1.0,0.6153846153846154,3.0,0.5555555555555556,2.0
2023_08_TB_BUF,2023,8,REG,BUF,TB,24.0,18.0,1,0,1.0,0.5384615384615384,0.0,0.26666666666666666,-1.0
2023_08_HOU_CAR,2023,8,REG,CAR,HOU,15.0,13.0,1,0,0.0,0.35714285714285715,1.0,0.4166666666666667,1.0
2023_08_LA_DAL,2023,8,REG,DAL,LA,43.0,20.0,1,0,1.0,0.5,1.0,0.3076923076923077,0.0
2023_08_MIN_GB,2023,8,REG,GB,MIN,10.0,24.0,0,0,1.0,0.35714285714285715,1.0,0.5555555555555556,0.0
2023_08_NO_IND,2023,8,REG,IND,NO,27.0,38.0,0,0,1.0,0.4375,1.0,0.5,0.0
2023_08_NE_MIA,2023,8,REG,MIA,NE,31.0,17.0,1,0,2.0,0.35714285714285715,1.0,0.1111111111111111,-1.0
2023_08_NYJ_NYG,2023,8,REG,NYG,NYJ,10.0,13.0,0,0,0.0,0.10526315789473684,2.0,0.13333333333333333,2.0
2023_08_JAX_PIT,2023,8,REG,PIT,JAX,10.0,20.0,0,0,2.0,0.25,3.0,0.46153846153846156,1.0
2023_08_ATL_TEN,2023,8,REG,TEN,ATL,28.0,23.0,1,0,1.0,0.3333333333333333,1.0,0.26666666666666666,0.0
2023_08_PHI_WAS,2023,8,REG,WAS,PHI,31.0,38.0,0,0,1.0,0.5833333333333334,2.0,0.6153846153846154,1.0
2023_08_CLE_SEA,2023,8,REG,SEA,CLE,24.0,20.0,1,0,2.0,0.3333333333333333,3.0,0.4,1.0
2023_08_BAL_ARI,2023,8,REG,ARI,BAL,24.0,31.0,0,0,2.0,0.4166666666666667,0.0,0.36363636363636365,-2.0
2023_08_KC_DEN,2023,8,REG,DEN,KC,24.0,9.0,1,0,2.0,0.42857142857142855,4.0,0.3,2.0
2023_08_CIN_SF,2023,8,REG,SF,CIN,17.0,31.0,0,0,3.0,0.5555555555555556,1.0,0.375,-2.0
2023_08_CHI_LAC,2023,8,REG,LAC,CHI,30.0,13.0,1,0,1.0,0.5384615384615384,2.0,0.42857142857142855,1.0
2023_08_LV_DET,2023,8,REG,DET,LV,26.0,14.0,1,0,3.0,0.42857142857142855,1.0,0.1111111111111111,-2.0
2023_09_TEN_PIT,2023,9,REG,PIT,TEN,20.0,16.0,1,0,0.0,0.5,1.0,0.23076923076923078,1.0
2023_09_MIA_KC,2023,9,REG,KC,MIA,21.0,14.0,1,0,1.0,0.3,1.0,0.25,0.0
2023_09_MIN_ATL,2023,9,REG,ATL,MIN,28.0,31.0,0,0,2.0,0.5555555555555556,2.0,0.4375,0.0
2023_09_SEA_BAL,2023,9,REG,BAL,SEA,37.0,3.0,1,0,2.0,0.46153846153846156,2.0,0.08333333333333333,0.0
2023_09_ARI_CLE,2023,9,REG,CLE,ARI,27.0,0.0,1,0,0.0,0.35294117647058826,3.0,0.08333333333333333,3.0
2023_09_LA_GB,2023,9,REG,GB,LA,20.0,3.0,1,0,2.0,0.5,2.0,0.35714285714285715,0.0
2023_09_TB_HOU,2023,9,REG,HOU,TB,39.0,37.0,1,0,1.0,0.2727272727272727,1.0,0.23076923076923078,0.0
2023_09_WAS_NE,2023,9,REG,NE,WAS,17.0,20.0,0,0,1.0,0.25,2.0,0.5294117647058824,1.0
2023_09_CHI_NO,2023,9,REG,NO,CHI,24.0,17.0,1,0,0.0,0.5,5.0,0.5,5.0
2023_09_IND_CAR,2023,9,REG,CAR,IND,13.0,27.0,0,0,4.0,0.4375,0.0,0.3076923076923077,-4.0
2023_09_NYG_LV,2023,9,REG,LV,NYG,30.0,6.0,1,0,0.0,0.35714285714285715,2.0,0.25,2.0
2023_09_DAL_PHI,2023,9,REG,PHI,DAL,28.0,23.0,1,0,0.0,0.5,1.0,0.4,1.0
2023_09_BUF_CIN,2023,9,REG,CIN,BUF,24.0,18.0,1,0,0.0,0.5333333333333333,2.0,0.5833333333333334,2.0
2023_09_LAC_NYJ,2023,9,REG,NYJ,LAC,6.0,27.0,0,0,3.0,0.17647058823529413,0.0,0.4375,-3.0
2023_10_CAR_CHI,2023,10,REG,CHI,CAR,16.0,13.0,1,0,0.0,0.4,0.0,0.2,0.0
2023_10_IND_NE,2023,10,REG,NE,IND,6.0,10.0,0,0,2.0,0.42857142857142855,1.0,0.38461538461538464,-1.0
2023_10_CLE_BAL,2023,10,REG,BAL,CLE,31.0,33.0,0,0,3.0,0.25,1.0,0.5,-2.0
2023_10_HOU_CIN,2023,10,REG,CIN,HOU,27.0,30.0,0,0,2.0,0.42857142857142855,3.0,0.3076923076923077,1.0
2023_10_SF_JAX,2023,10,REG,JAX,SF,3.0,34.0,0,0,4.0,0.3333333333333333,0.0,0.3333333333333333,-4.0
2023_10_NO_MIN,2023,10,REG,MIN,NO,27.0,19.0,1,0,0.0,0.4,2.0,0.2857142857142857,2.0
2023_10_GB_PIT,2023,10,REG,PIT,GB,23.0,19.0,1,0,0.0,0.3076923076923077,2.0,0.5,2.0
2023_10_TEN_TB,2023,10,REG,TB,TEN,20.0,6.0,1,0,1.0,0.4666666666666667,1.0,0.4,0.0
2023_10_ATL_ARI,2023,10,REG,ARI,ATL,25.0,23.0,1,0,1.0,0.2727272727272727,0.0,0.5,-1.0
2023_10_DET_LAC,2023,10,REG,LAC,DET,38.0,41.0,0,0,1.0,0.5,0.0,0.3076923076923077,-1.0
2023_10_NYG_DAL,2023,10,REG,DAL,NYG,49.0,17.0,1,0,2.0,0.5,1.0,0.0,-1.0
2023_10_WAS_SEA,2023,10,REG,SEA,WAS,29.0,26.0,1,0,0.0,0.2857142857142857,1.0,0.4666666666666667,1.0
2023_10_NYJ_LV,2023,10,REG,LV,NYJ,16.0,12.0,1,0,2.0,0.3333333333333333,1.0,0.4375,-1.0
2023_10_DEN_BUF,2023,10,REG,BUF,DEN,22.0,24.0,0,0,4.0,0.375,1.0,0.42105263157894735,-3.0
2023_11_CIN_BAL,2023,11,REG,BAL,CIN,34.0,20.0,1,0,0.0,0.5,0.0,0.18181818181818182,0.0
2023_11_DAL_CAR,2023,11,REG,CAR,DAL,10.0,33.0,0,0,2.0,0.3333333333333333,0.0,0.4375,-2.0
2023_11_PIT_CLE,2023,11,REG,CLE,PIT,13.0,10.0,1,0,1.0,0.23529411764705882,0.0,0.21428571428571427,-1.0
2023_11_CHI_DET,2023,11,REG,DET,CHI,31.0,26.0,1,0,4.0,0.7272727272727273,1.0,0.38461538461538464,-3.0
2023_11_LAC_GB,2023,11,REG,GB,LAC,23.0,20.0,1,0,0.0,0.5,1.0,0.5,1.0
2023_11_ARI_HOU,2023,11,REG,HOU,ARI,21.0,16.0,1,0,4.0,0.6923076923076923,1.0,0.3,-3.0
2023_11_TEN_JAX,2023,11,REG,JAX,TEN,34.0,14.0,1,0,1.0,0.3333333333333333,1.0,0.2857142857142857,0.0
2023_11_LV_MIA,2023,11,REG,MIA,LV,20.0,13.0,1,0,3.0,0.2727272727272727,3.0,0.2857142857142857,0.0
2023_11_NYG_WAS,2023,11,REG,WAS,NYG,19.0,31.0,0,0,6.0,0.38461538461538464,0.0,0.35714285714285715,-6.0
2023_11_TB_SF,2023,11,REG,SF,TB,27.0,14.0,1,0,0.0,0.4,2.0,0.5,2.0
2023_11_NYJ_BUF,2023,11,REG,BUF,NYJ,32.0,6.0,1,0,1.0,0.38461538461538464,4.0,0.0,3.0
2023_11_SEA_LA,2023,11,REG,LA,SEA,17.0,16.0,1,0,1.0,0.2222222222222222,1.0,0.3333333333333333,0.0
2023_11_MIN_DEN,2023,11,REG,DEN,MIN,21.0,20.0,1,0,0.0,0.16666666666666666,3.0,0.4,3.0
2023_11_PHI_KC,2023,11,REG,KC,PHI,17.0,21.0,0,0,2.0,0.47058823529411764,1.0,0.2727272727272727,-1.0
2023_12_GB_DET,2023,12,REG,DET,GB,22.0,29.0,0,0,3.0,0.4666666666666667,0.0,0.45454545454545453,-3.0
2023_12_WAS_DAL,2023,12,REG,DAL,WAS,45.0,10.0,1,0,0.0,0.6,1.0,0.4666666666666667,1.0
2023_12_SF_SEA,2023,12,REG,SEA,SF,13.0,31.0,0,0,1.0,0.2727272727272727,2.0,0.45454545454545453,1.0
2023_12_MIA_NYJ,2023,12,REG,NYJ,MIA,13.0,34.0,0,0,2.0,0.35714285714285715,3.0,0.6875,1.0
2023_12_NO_ATL,2023,12,REG,ATL,NO,24.0,15.0,1,0,2.0,0.5,2.0,0.42857142857142855,0.0
2023_12_PIT_CIN,2023,12,REG,CIN,PIT,10.0,16.0,0,0,1.0,0.2,1.0,0.47058823529411764,0.0
2023_12_JAX_HOU,2023,12,REG,HOU,JAX,21.0,24.0,0,0,0.0,0.46153846153846156,1.0,0.5384615384615384,1.0
2023_12_TB_IND,2023,12,REG,IND,TB,27.0,20.0,1,0,1.0,0.18181818181818182,2.0,0.38461538461538464,1.0
2023_12_NE_NYG,2023,12,REG,NYG,NE,10.0,7.0,1,0,1.0,0.3076923076923077,3.0,0.2857142857142857,2.0
2023_12_CAR_TEN,2023,12,REG,TEN,CAR,17.0,10.0,1,0,0.0,0.18181818181818182,1.0,0.375,1.0
2023_12_LA_ARI,2023,12,REG,ARI,LA,14.0,37.0,0,0,0.0,0.35294117647058826,1.0,0.5,1.0
2023_12_CLE_DEN,2023,12,REG,DEN,CLE,29.0,12.0,1,0,1.0,0.42857142857142855,3.0,0.15384615384615385,2.0
2023_12_KC_LV,2023,12,REG,LV,KC,17.0,31.0,0,0,0.0,0.5,0.0,0.45454545454545453,0.0
2023_12_BUF_PHI,2023,12,REG,PHI,BUF,37.0,34.0,1,0,2.0,0.36363636363636365,1.0,0.5909090909090909,-1.0
2023_12_BAL_LAC,2023,12,REG,LAC,BAL,10.0,20.0,0,0,4.0,0.4666666666666667,0.0,0.3076923076923077,-4.0
2023_12_CHI_MIN,2023,12,REG,MIN,CHI,10.0,12.0,0,0,4.0,0.2222222222222222,2.0,0.4444444444444444,-2.0
2023_13_SEA_DAL,2023,13,REG,DAL,SEA,41.0,35.0,1,0,0.0,0.5714285714285714,1.0,0.6428571428571429,1.0
2023_13_DEN_HOU,2023,13,REG,HOU,DEN,22.0,17.0,1,0,0.0,0.25,3.0,0.0,3.0
2023_13_LAC_NE,2023,13,REG,NE,LAC,0.0,6.0,0,0,1.0,0.2857142857142857,0.0,0.3333333333333333,-1.0
2023_13_DET_NO,2023,13,REG,NO,DET,28.0,33.0,0,0,2.0,0.5,0.0,0.46153846153846156,-2.0
2023_13_ATL_NYJ,2023,13,REG,NYJ,ATL,8.0,13.0,0,0,3.0,0.13333333333333333,0.0,0.2857142857142857,-3.0
2023_13_ARI_PIT,2023,13,REG,PIT,ARI,10.0,24.0,0,0,1.0,0.36363636363636365,0.0,0.5882352941176471,-1.0
2023_13_IND_TEN,2023,13,REG,TEN,IND,28.0,31.0,0,0,2.0,0.35294117647058826,1.0,0.21428571428571427,-1.0
2023_13_MIA_WAS,2023,13,REG,WAS,MIA,15.0,45.0,0,0,1.0,0.42857142857142855,0.0,0.5384615384615384,-1.0
2023_13_CAR_TB,2023,13,REG,TB,CAR,21.0,18.0,1,0,1.0,0.4,1.0,0.2,0.0
2023_13_CLE_LA,2023,13,REG,LA,CLE,36.0,19.0,1,0,0.0,0.3333333333333333,1.0,0.4375,1.0
2023_13_SF_PHI,2023,13,REG,PHI,SF,19.0,42.0,0,0,0.0,0.5333333333333333,0.0,0.7272727272727273,0.0
2023_13_KC_GB,2023,13,REG,GB,KC,27.0,19.0,1,0,0.0,0.5,1.0,0.6363636363636364,1.0
2023_13_CIN_JAX,2023,13,REG,JAX,CIN,31.0,34.0,0,0,0.0,0.4,1.0,0.5714285714285714,1.0
2023_14_NE_PIT,2023,14,REG,PIT,NE,18.0,21.0,0,0,1.0,0.21428571428571427,1.0,0.3076923076923077,0.0
2023_14_TB_ATL,2023,14,REG,ATL,TB,25.0,29.0,0,0,1.0,0.38461538461538464,0.0,0.375,-1.0
2023_14_LA_BAL,2023,14,REG,BAL,LA,37.0,31.0,1,0,1.0,0.3333333333333333,0.0,0.375,-1.0
2023_14_DET_CHI,2023,14,REG,CHI,DET,28.0,13.0,1,0,0.0,0.42857142857142855,3.0,0.4,3.0
2023_14_IND_CIN,2023,14,REG,CIN,IND,34.0,14.0,1,0,2.0,0.2727272727272727,1.0,0.2727272727272727,-1.0
2023_14_JAX_CLE,2023,14,REG,CLE,JAX,31.0,27.0,1,0,3.0,0.2222222222222222,4.0,0.4117647058823529,1.0
2023_14_CAR_NO,2023,14,REG,NO,CAR,28.0,6.0,1,0,1.0,0.3,2.0,0.4,1.0
2023_14_HOU_NYJ,2023,14,REG,NYJ,HOU,30.0,6.0,1,0,1.0,0.4,0.0,0.08333333333333333,-1.0
2023_14_MIN_LV,2023,14,REG,LV,MIN,0.0,3.0,0,0,3.0,0.21428571428571427,0.0,0.4,-3.0
2023_14_SEA_SF,2023,14,REG,SF,SEA,28.0,16.0,1,0,2.0,0.5454545454545454,2.0,0.18181818181818182,0.0
2023_14_BUF_KC,2023,14,REG,KC,BUF,17.0,20.0,0,0,2.0,0.5,1.0,0.4,-1.0
2023_14_DEN_LAC,2023,14,REG,LAC,DEN,7.0,24.0,0,0,2.0,0.0,1.0,0.47058823529411764,-1.0
2023_14_PHI_DAL,2023,14,REG,DAL,PHI,33.0,13.0,1,0,1.0,0.5625,3.0,0.4444444444444444,2.0
2023_14_TEN_MIA,2023,14,REG,MIA,TEN,27.0,28.0,0,0,2.0,0.3076923076923077,2.0,0.38461538461538464,0.0
2023_14_GB_NYG,2023,14,REG,NYG,GB,24.0,22.0,1,0,2.0,0.3,3.0,0.35714285714285715,1.0
2023_15_LAC_LV,2023,15,REG,LV,LAC,63.0,21.0,1,0,1.0,0.5625,4.0,0.5,3.0
2023_15_MIN_CIN,2023,15,REG,CIN,MIN,27.0,24.0,1,0,1.0,0.46153846153846156,2.0,0.4166666666666667,1.0
2023_15_PIT_IND,2023,15,REG,IND,PIT,30.0,13.0,1,0,0.0,0.4,3.0,0.3333333333333333,3.0
2023_15_DEN_DET,2023,15,REG,DET,DEN,42.0,17.0,1,0,0.0,0.5,1.0,0.38461538461538464,1.0
2023_15_ATL_CAR,2023,15,REG,CAR,ATL,9.0,7.0,1,0,0.0,0.3333333333333333,2.0,0.46153846153846156,2.0
2023_15_CHI_CLE,2023,15,REG,CLE,CHI,20.0,17.0,1,0,4.0,0.25,2.0,0.2222222222222222,-2.0
2023_15_TB_GB,2023,15,REG,GB,TB,20.0,34.0,0,0,1.0,0.5,1.0,0.6363636363636364,0.0
2023_15_NYJ_MIA,2023,15,REG,MIA,NYJ,30.0,0.0,1,0,0.0,0.4,4.0,0.38461538461538464,4.0
2023_15_KC_NE,2023,15,REG,NE,KC,17.0,27.0,0,0,1.0,0.16666666666666666,2.0,0.38461538461538464,1.0
2023_15_NYG_NO,2023,15,REG,NO,NYG,24.0,6.0,1,0,0.0,0.5,0.0,0.125,0.0
2023_15_HOU_TEN,2023,15,REG,TEN,HOU,16.0,19.0,0,0,1.0,0.3333333333333333,1.0,0.26666666666666666,0.0
2023_15_SF_ARI,2023,15,REG,ARI,SF,29.0,45.0,0,0,2.0,0.4375,0.0,0.5714285714285714,-2.0
2023_15_WAS_LA,2023,15,REG,LA,WAS,28.0,20.0,1,0,2.0,0.5625,1.0,0.21428571428571427,-1.0
2023_15_DAL_BUF,2023,15,REG,BUF,DAL,31.0,10.0,1,0,0.0,0.5555555555555556,1.0,0.38461538461538464,1.0
2023_15_BAL_JAX,2023,15,REG,JAX,BAL,7.0,23.0,0,0,2.0,0.23076923076923078,1.0,0.4166666666666667,-1.0
2023_15_PHI_SEA,2023,15,REG,SEA,PHI,20.0,17.0,1,0,0.0,0.42857142857142855,2.0,0.5625,2.0
2023_16_NO_LA,2023,16,REG,LA,NO,30.0,22.0,1,0,0.0,0.3333333333333333,1.0,0.45454545454545453,1.0
2023_16_CIN_PIT,2023,16,REG,PIT,CIN,34.0,11.0,1,0,0.0,0.5,3.0,0.46153846153846156,3.0
2023_16_BUF_LAC,2023,16,REG,LAC,BUF,22.0,24.0,0,0,1.0,0.2857142857142857,2.0,0.5,1.0
2023_16_IND_ATL,2023,16,REG,ATL,IND,29.0,10.0,1,0,0.0,0.38461538461538464,1.0,0.35714285714285715,1.0
2023_16_GB_CAR,2023,16,REG,CAR,GB,30.0,33.0,0,0,0.0,0.46153846153846156,0.0,0.5714285714285714,0.0
2023_16_CLE_HOU,2023,16,REG,HOU,CLE,22.0,36.0,0,0,2.0,0.3333333333333333,2.0,0.375,0.0
2023_16_DET_MIN,2023,16,REG,MIN,DET,24.0,30.0,0,0,4.0,0.3333333333333333,1.0,0.5,-3.0
2023_16_WAS_NYJ,2023,16,REG,NYJ,WAS,30.0,28.0,1,0,3.0,0.25,2.0,0.25,-1.0
2023_16_SEA_TEN,2023,16,REG,TEN,SEA,17.0,20.0,0,0,0.0,0.5,0.0,0.5384615384615384,0.0
2023_16_JAX_TB,2023,16,REG,TB,JAX,30.0,12.0,1,0,0.0,0.5263157894736842,4.0,0.3333333333333333,4.0
2023_16_ARI_CHI,2023,16,REG,CHI,ARI,27.0,16.0,1,0,1.0,0.5333333333333333,0.0,0.4375,-1.0
2023_16_DAL_MIA,2023,16,REG,MIA,DAL,22.0,20.0,1,0,0.0,0.46153846153846156,1.0,0.3333333333333333,1.0
2023_16_NE_DEN,2023,16,REG,DEN,NE,23.0,26.0,0,0,2.0,0.3076923076923077,1.0,0.23076923076923078,-1.0
2023_16_LV_KC,2023,16,REG,KC,LV,14.0,20.0,0,0,2.0,0.3125,0.0,0.25,-2.0
2023_16_NYG_PHI,2023,16,REG,PHI,NYG,33.0,25.0,1,0,2.0,0.5333333333333333,1.0,0.2857142857142857,-1.0
2023_16_BAL_SF,2023,16,REG,SF,BAL,19.0,33.0,0,0,5.0,0.42857142857142855,0.0,0.36363636363636365,-5.0
2023_17_NYJ_CLE,2023,17,REG,CLE,NYJ,37.0,20.0,1,0,3.0,0.5,2.0,0.375,-1.0
2023_17_DET_DAL,2023,17,REG,DAL,DET,20.0,19.0,1,0,2.0,0.5,2.0,0.3076923076923077,0.0
2023_17_MIA_BAL,2023,17,REG,BAL,MIA,56.0,19.0,1,0,1.0,0.5714285714285714,3.0,0.4,2.0
2023_17_NE_BUF,2023,17,REG,BUF,NE,27.0,21.0,1,0,1.0,0.4666666666666667,4.0,0.4,3.0
2023_17_ATL_CHI,2023,17,REG,CHI,ATL,37.0,17.0,1,0,0.0,0.375,4.0,0.3076923076923077,4.0
2023_17_TEN_HOU,2023,17,REG,HOU,TEN,26.0,3.0,1,0,0.0,0.2727272727272727,1.0,0.08333333333333333,1.0
2023_17_LV_IND,2023,17,REG,IND,LV,23.0,20.0,1,0,0.0,0.46153846153846156,0.0,0.3333333333333333,0.0
2023_17_CAR_JAX,2023,17,REG,JAX,CAR,26.0,0.0,1,0,0.0,0.4375,1.0,0.07692307692307693,1.0
2023_17_LA_NYG,2023,17,REG,NYG,LA,25.0,26.0,0,0,1.0,0.3125,3.0,0.25,2.0
2023_17_ARI_PHI,2023,17,REG,PHI,ARI,31.0,35.0,0,0,1.0,0.4444444444444444,1.0,0.5,0.0
2023_17_NO_TB,2023,17,REG,TB,NO,13.0,23.0,0,0,4.0,0.25,0.0,0.4444444444444444,-4.0
2023_17_SF_WAS,2023,17,REG,WAS,SF,10.0,27.0,0,0,2.0,0.3333333333333333,0.0,0.4444444444444444,-2.0
2023_17_PIT_SEA,2023,17,REG,SEA,PIT,23.0,30.0,0,0,1.0,0.3333333333333333,0.0,0.46153846153846156,-1.0
2023_17_LAC_DEN,2023,17,REG,DEN,LAC,16.0,9.0,1,0,0.0,0.4117647058823529,1.0,0.18181818181818182,1.0
2023_17_CIN_KC,2023,17,REG,KC,CIN,25.0,17.0,1,0,1.0,0.25,0.0,0.5,-1.0
2023_17_GB_MIN,2023,17,REG,MIN,GB,10.0,33.0,0,0,3.0,0.3,0.0,0.6428571428571429,-3.0
2023_18_PIT_BAL,2023,18,REG,BAL,PIT,10.0,17.0,0,0,2.0,0.3076923076923077,2.0,0.4,0.0
2023_18_HOU_IND,2023,18,REG,IND,HOU,19.0,23.0,0,0,1.0,0.09090909090909091,0.0,0.38461538461538464,-1.0
2023_18_TB_CAR,2023,18,REG,CAR,TB,0.0,9.0,0,0,2.0,0.16666666666666666,0.0,0.375,-2.0
2023_18_CLE_CIN,2023,18,REG,CIN,CLE,31.0,14.0,1,0,1.0,0.25,2.0,0.18181818181818182,1.0
2023_18_MIN_DET,2023,18,REG,DET,MIN,30.0,20.0,1,0,0.0,0.1111111111111111,2.0,0.15384615384615385,2.0
2023_18_NYJ_NE,2023,18,REG,NE,NYJ,3.0,17.0,0,0,3.0,0.07142857142857142,0.0,0.2,-3.0
2023_18_ATL_NO,2023,18,REG,NO,ATL,48.0,17.0,1,0,0.0,0.3,3.0,0.36363636363636365,3.0
2023_18_JAX_TEN,2023,18,REG,TEN,JAX,28.0,20.0,1,0,1.0,0.5454545454545454,2.0,0.5714285714285714,1.0
2023_18_SEA_ARI,2023,18,REG,ARI,SEA,20.0,21.0,0,0,0.0,0.38461538461538464,0.0,0.5,0.0
2023_18_CHI_GB,2023,18,REG,GB,CHI,17.0,9.0,1,0,1.0,0.7,0.0,0.2727272727272727,-1.0
2023_18_KC_LAC,2023,18,REG,LAC,KC,12.0,13.0,0,0,1.0,0.3684210526315789,1.0,0.375,0.0
2023_18_DEN_LV,2023,18,REG,LV,DEN,27.0,14.0,1,0,0.0,0.5384615384615384,1.0,0.3333333333333333,1.0
2023_18_PHI_NYG,2023,18,REG,NYG,PHI,27.0,10.0,1,0,1.0,0.42857142857142855,4.0,0.38461538461538464,3.0
2023_18_LA_SF,2023,18,REG,SF,LA,20.0,21.0,0,0,1.0,0.5,1.0,0.6,0.0
2023_18_DAL_WAS,2023,18,REG,WAS,DAL,10.0,38.0,0,0,3.0,0.2,1.0,0.6,-2.0
2023_18_BUF_MIA,2023,18,REG,MIA,BUF,14.0,21.0,0,0,2.0,0.4,3.0,0.6,1.0
2023_19_CLE_HOU,2023,19,WC,HOU,CLE,45.0,14.0,1,0,0.0,0.25,2.0,0.4666666666666667,2.0
2023_19_MIA_KC,2023,19,WC,KC,MIA,26.0,7.0,1,0,1.0,0.4,1.0,0.08333333333333333,0.0
2023_19_GB_DAL,2023,19,WC,DAL,GB,32.0,48.0,0,0,2.0,0.625,0.0,0.6,-2.0
2023_19_LA_DET,2023,19,WC,DET,LA,24.0,23.0,1,0,0.0,0.3333333333333333,0.0,0.3333333333333333,0.0
2023_19_PIT_BUF,2023,19,WC,BUF,PIT,31.0,17.0,1,0,0.0,0.4166666666666667,2.0,0.45454545454545453,2.0
2023_19_PHI_TB,2023,19,WC,TB,PHI,32.0,9.0,1,0,0.0,0.42857142857142855,0.0,0.0,0.0
2023_20_HOU_BAL,2023,20,DIV,BAL,HOU,34.0,10.0,1,0,0.0,0.3333333333333333,0.0,0.3333333333333333,0.0
2023_20_GB_SF,2023,20,DIV,SF,GB,24.0,21.0,1,0,0.0,0.625,2.0,0.5384615384615384,2.0
2023_20_TB_DET,2023,20,DIV,DET,TB,31.0,23.0,1,0,0.0,0.42857142857142855,2.0,0.3333333333333333,2.0
2023_20_KC_BUF,2023,20,DIV,BUF,KC,24.0,27.0,0,0,0.0,0.5,1.0,0.2,1.0
2023_21_KC_BAL,2023,21,CON,BAL,KC,10.0,17.0,0,0,3.0,0.2727272727272727,0.0,0.4444444444444444,-3.0
2023_21_DET_SF,2023,21,CON,SF,DET,34.0,31.0,1,0,1.0,0.5,1.0,0.5,0.0
2023_22_SF_KC,2023,22,SB,KC,SF,25.0,22.0,1,0,3.0,0.47368421052631576,1.0,0.25,-2.0
2024_01_BAL_KC,2024,1,REG,KC,BAL,27.0,20.0,1,0,1.0,0.4444444444444444,1.0,0.5,0.0
2024_01_GB_PHI,2024,1,REG,PHI,GB,34.0,29.0,1,0,3.0,0.2857142857142857,1.0,0.2727272727272727,-2.0
2024_01_PIT_ATL,2024,1,REG,ATL,PIT,10.0,18.0,0,0,3.0,0.2222222222222222,0.0,0.47058823529411764,-3.0
2024_01_ARI_BUF,2024,1,REG,BUF,ARI,34.0,28.0,1,0,1.0,0.3333333333333333,1.0,0.5384615384615384,0.0
2024_01_TEN_CHI,2024,1,REG,CHI,TEN,24.0,17.0,1,0,1.0,0.15384615384615385,3.0,0.21428571428571427,2.0
2024_01_NE_CIN,2024,1,REG,CIN,NE,10.0,16.0,0,0,1.0,0.36363636363636365,1.0,0.4,0.0
2024_01_HOU_IND,2024,1,REG,IND,HOU,27.0,29.0,0,0,1.0,0.5,0.0,0.5,-1.0
2024_01_JAX_MIA,2024,1,REG,MIA,JAX,20.0,17.0,1,0,0.0,0.5,1.0,0.2,1.0
2024_01_CAR_NO,2024,1,REG,NO,CAR,47.0,10.0,1,0,0.0,0.5384615384615384,4.0,0.1,4.0
2024_01_MIN_NYG,2024,1,REG,NYG,MIN,6.0,28.0,0,0,2.0,0.3888888888888889,2.0,0.3,0.0
2024_01_LV_LAC,2024,1,REG,LAC,LV,22.0,10.0,1,0,0.0,0.26666666666666666,3.0,0.35714285714285715,3.0
2024_01_DEN_SEA,2024,1,REG,SEA,DEN,26.0,20.0,1,0,1.0,0.3333333333333333,4.0,0.2777777777777778,3.0
2024_01_DAL_CLE,2024,1,REG,CLE,DAL,17.0,33.0,0,0,2.0,0.13333333333333333,0.0,0.2857142857142857,-2.0
2024_01_WAS_TB,2024,1,REG,TB,WAS,37.0,20.0,1,0,0.0,0.6923076923076923,0.0,0.25,0.0
2024_01_LA_DET,2024,1,REG,DET,LA,26.0,20.0,1,0,1.0,0.46153846153846156,1.0,0.4166666666666667,0.0
2024_01_NYJ_SF,2024,1,REG,SF,NYJ,32.0,19.0,1,0,0.0,0.46153846153846156,2.0,0.6,2.0
2024_02_BUF_MIA,2024,2,REG,MIA,BUF,10.0,31.0,0,0,3.0,0.4666666666666667,0.0,0.3333333333333333,-3.0
2024_02_LV_BAL,2024,2,REG,BAL,LV,23.0,26.0,0,0,1.0,0.2727272727272727,1.0,0.3333333333333333,0.0
2024_02_LAC_CAR,2024,2,REG,CAR,LAC,3.0,26.0,0,0,1.0,0.08333333333333333,2.0,0.5625,1.0
2024_02_NO_DAL,2024,2,REG,DAL,NO,19.0,44.0,0,0,2.0,0.46153846153846156,1.0,0.625,-1.0
2024_02_TB_DET,2024,2,REG,DET,TB,16.0,20.0,0,0,2.0,0.4117647058823529,1.0,0.2,-1.0
2024_02_IND_GB,2024,2,REG,GB,IND,16.0,10.0,1,0,1.0,0.5882352941176471,3.0,0.2222222222222222,2.0
2024_02_CLE_JAX,2024,2,REG,JAX,CLE,13.0,18.0,0,0,0.0,0.3333333333333333,0.0,0.14285714285714285,0.0
2024_02_SF_MIN,2024,2,REG,MIN,SF,23.0,17.0,1,0,2.0,0.5833333333333334,2.0,0.2,0.0
2024_02_SEA_NE,2024,2,REG,NE,SEA,20.0,23.0,0,0,0.0,0.375,0.0,0.4666666666666667,0.0
2024_02_NYJ_TEN,2024,2,REG,TEN,NYJ,17.0,24.0,0,0,2.0,0.4166666666666667,0.0,0.4166666666666667,-2.0
2024_02_NYG_WAS,2024,2,REG,WAS,NYG,21.0,18.0,1,0,0.0,0.5,1.0,0.5,1.0
2024_02_LA_ARI,2024,2,REG,ARI,LA,41.0,10.0,1,0,1.0,0.6363636363636364,1.0,0.18181818181818182,0.0
2024_02_PIT_DEN,2024,2,REG,DEN,PIT,6.0,13.0,0,0,2.0,0.16666666666666666,0.0,0.3076923076923077,-2.0
2024_02_CIN_KC,2024,2,REG,KC,CIN,26.0,25.0,1,0,3.0,0.125,1.0,0.3076923076923077,-2.0
2024_02_CHI_HOU,2024,2,REG,HOU,CHI,19.0,13.0,1,0,1.0,0.2857142857142857,2.0,0.35294117647058826,1.0
2024_02_ATL_PHI,2024,2,REG,PHI,ATL,21.0,22.0,0,0,1.0,0.46153846153846156,0.0,0.2222222222222222,-1.0
2024_03_NE_NYJ,2024,3,REG,NYJ,NE,24.0,3.0,1,0,0.0,0.6666666666666666,1.0,0.18181818181818182,1.0
2024_03_NYG_CLE,2024,3,REG,CLE,NYG,15.0,21.0,0,0,2.0,0.2857142857142857,2.0,0.2857142857142857,0.0
2024_03_CHI_IND,2024,3,REG,IND,CHI,21.0,16.0,1,0,2.0,0.25,3.0,0.42857142857142855,1.0
2024_03_HOU_MIN,2024,3,REG,MIN,HOU,34.0,7.0,1,0,0.0,0.46153846153846156,2.0,0.2857142857142857,2.0
2024_03_PHI_NO,2024,3,REG,NO,PHI,12.0,15.0,0,0,1.0,0.46153846153846156,2.0,0.42857142857142855,1.0
2024_03_LAC_PIT,2024,3,REG,PIT,LAC,20.0,10.0,1,0,1.0,0.5,0.0,0.2727272727272727,-1.0
2024_03_DEN_TB,2024,3,REG,TB,DEN,7.0,26.0,0,0,2.0,0.2727272727272727,1.0,0.3076923076923077,-1.0
2024_03_GB_TEN,2024,3,REG,TEN,GB,14.0,30.0,0,0,3.0,0.3333333333333333,0.0,0.35714285714285715,-3.0
2024_03_CAR_LV,2024,3,REG,LV,CAR,22.0,36.0,0,0,1.0,0.2727272727272727,0.0,0.4166666666666667,-1.0
2024_03_MIA_SEA,2024,3,REG,SEA,MIA,24.0,3.0,1,0,2.0,0.2727272727272727,0.0,0.08333333333333333,-2.0
2024_03_DET_ARI,2024,3,REG,ARI,DET,13.0,20.0,0,0,1.0,0.1111111111111111,1.0,0.5,0.0
2024_03_BAL_DAL,2024,3,REG,DAL,BAL,25.0,28.0,0,0,1.0,0.5384615384615384,0.0,0.4444444444444444,-1.0
2024_03_SF_LA,2024,3,REG,LA,SF,27.0,24.0,1,0,0.0,0.4166666666666667,1.0,0.5454545454545454,1.0
2024_03_KC_ATL,2024,3,REG,ATL,KC,17.0,22.0,0,0,1.0,0.2222222222222222,1.0,0.42857142857142855,0.0
2024_03_JAX_BUF,2024,3,REG,BUF,JAX,47.0,10.0,1,0,0.0,0.5454545454545454,2.0,0.15384615384615385,2.0
2024_03_WAS_CIN,2024,3,REG,CIN,WAS,33.0,38.0,0,0,0.0,0.6,0.0,0.5555555555555556,0.0
2024_04_DAL_NYG,2024,4,REG,NYG,DAL,15.0,20.0,0,0,1.0,0.3125,0.0,0.3,-1.0
2024_04_NO_ATL,2024,4,REG,ATL,NO,26.0,24.0,1,0,2.0,0.36363636363636365,1.0,0.5384615384615384,-1.0
2024_04_CIN_CAR,2024,4,REG,CAR,CIN,24.0,34.0,0,0,1.0,0.5,1.0,0.5384615384615384,0.0
2024_04_LA_CHI,2024,4,REG,CHI,LA,24.0,18.0,1,0,0.0,0.3333333333333333,2.0,0.45454545454545453,2.0
2024_04_MIN_GB,2024,4,REG,GB,MIN,29.0,31.0,0,0,5.0,0.3333333333333333,2.0,0.36363636363636365,-3.0
2024_04_JAX_HOU,2024,4,REG,HOU,JAX,24.0,20.0,1,0,0.0,0.5384615384615384,1.0,0.3333333333333333,1.0
2024_04_PIT_IND,2024,4,REG,IND,PIT,27.0,24.0,1,0,0.0,0.5333333333333333,2.0,0.46153846153846156,2.0
2024_04_DEN_NYJ,2024,4,REG,NYJ,DEN,9.0,10.0,0,0,1.0,0.23529411764705882,1.0,0.21428571428571427,0.0
2024_04_PHI_TB,2024,4,REG,TB,PHI,33.0,16.0,1,0,1.0,0.46153846153846156,1.0,0.46153846153846156,0.0
2024_04_WAS_ARI,2024,4,REG,ARI,WAS,14.0,42.0,0,0,1.0,0.36363636363636365,1.0,0.75,0.0
2024_04_NE_SF,2024,4,REG,SF,NE,30.0,13.0,1,0,2.0,0.5384615384615384,3.0,0.3125,1.0
2024_04_KC_LAC,2024,4,REG,LAC,KC,10.0,17.0,0,0,0.0,0.3076923076923077,2.0,0.5625,2.0
2024_04_CLE_LV,2024,4,REG,LV,CLE,20.0,16.0,1,0,1.0,0.3333333333333333,1.0,0.3,0.0
2024_04_BUF_BAL,2024,4,REG,BAL,BUF,35.0,10.0,1,0,1.0,0.5555555555555556,1.0,0.23076923076923078,0.0
2024_04_TEN_MIA,2024,4,REG,MIA,TEN,12.0,31.0,0,0,1.0,0.16666666666666666,1.0,0.16666666666666666,0.0
2024_04_SEA_DET,2024,4,REG,DET,SEA,42.0,29.0,1,0,0.0,0.5,2.0,0.5,2.0
2024_05_TB_ATL,2024,5,REG,ATL,TB,36.0,30.0,1,0,1.0,0.42857142857142855,1.0,0.5454545454545454,0.0
2024_05_NYJ_MIN,2024,5,REG,MIN,NYJ,23.0,17.0,1,0,2.0,0.3076923076923077,3.0,0.29411764705882354,1.0
2024_05_CAR_CHI,2024,5,REG,CHI,CAR,36.0,10.0,1,0,0.0,0.36363636363636365,3.0,0.25,3.0
2024_05_BAL_CIN,2024,5,REG,CIN,BAL,38.0,41.0,0,0,1.0,0.5714285714285714,1.0,0.6666666666666666,0.0
2024_05_BUF_HOU,2024,5,REG,HOU,BUF,23.0,20.0,1,0,2.0,0.5,0.0,0.21428571428571427,-2.0
2024_05_IND_JAX,2024,5,REG,JAX,IND,37.0,34.0,1,0,2.0,0.3,1.0,0.5,-1.0
2024_05_MIA_NE,2024,5,REG,NE,MIA,10.0,15.0,0,0,0.0,0.3076923076923077,2.0,0.18181818181818182,2.0
2024_05_CLE_WAS,2024,5,REG,WAS,CLE,34.0,13.0,1,0,2.0,0.47058823529411764,1.0,0.07692307692307693,-1.0
2024_05_LV_DEN,2024,5,REG,DEN,LV,34.0,18.0,1,0,0.0,0.25,3.0,0.4666666666666667,3.0
2024_05_ARI_SF,2024,5,REG,SF,ARI,23.0,24.0,0,0,3.0,0.5454545454545454,1.0,0.3,-2.0
2024_05_GB_LA,2024,5,REG,LA,GB,19.0,24.0,0,0,2.0,0.5,1.0,0.125,-1.0
2024_05_NYG_SEA,2024,5,REG,SEA,NYG,20.0,29.0,0,0,1.0,0.2727272727272727,1.0,0.4375,0.0
2024_05_DAL_PIT,2024,5,REG,PIT,DAL,17.0,20.0,0,0,1.0,0.25,3.0,0.6,2.0
2024_05_NO_KC,2024,5,REG,KC,NO,26.0,13.0,1,0,1.0,0.42857142857142855,1.0,0.4,0.0
2024_06_SF_SEA,2024,6,REG,SEA,SF,24.0,36.0,0,0,3.0,0.4375,0.0,0.4166666666666667,-3.0
2024_06_JAX_CHI,2024,6,REG,CHI,JAX,35.0,16.0,1,0,1.0,0.45454545454545453,2.0,0.4666666666666667,1.0
2024_06_WAS_BAL,2024,6,REG,BAL,WAS,30.0,23.0,1,0,1.0,0.6,0.0,0.3333333333333333,-1.0
2024_06_ARI_GB,2024,6,REG,GB,ARI,34.0,13.0,1,0,1.0,0.5833333333333334,3.0,0.4,2.0
2024_06_HOU_NE,2024,6,REG,NE,HOU,21.0,41.0,0,0,4.0,0.23076923076923078,1.0,0.36363636363636365,-3.0
2024_06_TB_NO,2024,6,REG,NO,TB,27.0,51.0,0,0,3.0,0.3076923076923077,3.0,0.6,0.0
2024_06_CLE_PHI,2024,6,REG,PHI,CLE,20.0,16.0,1,0,0.0,0.35714285714285715,0.0,0.25,0.0
2024_06_IND_TEN,2024,6,REG,TEN,IND,17.0,20.0,0,0,1.0,0.36363636363636365,1.0,0.4666666666666667,0.0
2024_06_LAC_DEN,2024,6,REG,DEN,LAC,16.0,23.0,0,0,2.0,0.2727272727272727,0.0,0.6111111111111112,-2.0
2024_06_PIT_LV,2024,6,REG,LV,PIT,13.0,32.0,0,0,3.0,0.18181818181818182,0.0,0.3076923076923077,-3.0
2024_06_ATL_CAR,2024,6,REG,CAR,ATL,20.0,38.0,0,0,2.0,0.45454545454545453,1.0,0.5,-1.0
2024_06_DET_DAL,2024,6,REG,DAL,DET,9.0,47.0,0,0,5.0,0.23076923076923078,0.0,0.4,-5.0
2024_06_CIN_NYG,2024,6,REG,NYG,CIN,7.0,17.0,0,0,1.0,0.3333333333333333,1.0,0.36363636363636365,0.0
2024_06_BUF_NYJ,2024,6,REG,NYJ,BUF,20.0,23.0,0,0,1.0,0.3333333333333333,0.0,0.45454545454545453,-1.0
2024_07_DEN_NO,2024,7,REG,NO,DEN,10.0,33.0,0,0,2.0,0.29411764705882354,1.0,0.36363636363636365,-1.0
2024_07_NE_JAX,2024,7,REG,JAX,NE,32.0,16.0,1,0,0.0,0.6,0.0,0.5,0.0
2024_07_SEA_ATL,2024,7,REG,ATL,SEA,14.0,34.0,0,0,3.0,0.5333333333333333,0.0,0.36363636363636365,-3.0
2024_07_TEN_BUF,2024,7,REG,BUF,TEN,34.0,10.0,1,0,0.0,0.3,2.0,0.375,2.0
2024_07_CIN_CLE,2024,7,REG,CLE,CIN,14.0,21.0,0,0,2.0,0.42105263157894735,0.0,0.15384615384615385,-2.0
2024_07_HOU_GB,2024,7,REG,GB,HOU,24.0,22.0,1,0,2.0,0.4,1.0,0.3076923076923077,-1.0
2024_07_MIA_IND,2024,7,REG,IND,MIA,16.0,10.0,1,0,1.0,0.3076923076923077,2.0,0.4,1.0
2024_07_DET_MIN,2024,7,REG,MIN,DET,29.0,31.0,0,0,1.0,0.4,1.0,0.4,0.0
2024_07_PHI_NYG,2024,7,REG,NYG,PHI,3.0,28.0,0,0,0.0,0.21428571428571427,0.0,0.07692307692307693,0.0
2024_07_LV_LA,2024,7,REG,LA,LV,20.0,15.0,1,0,1.0,0.2,4.0,0.2,3.0
2024_07_CAR_WAS,2024,7,REG,WAS,CAR,40.0,7.0,1,0,0.0,0.5,2.0,0.3,2.0
2024_07_KC_SF,2024,7,REG,SF,KC,18.0,28.0,0,0,3.0,0.18181818181818182,2.0,0.5714285714285714,-1.0
2024_07_NYJ_PIT,2024,7,REG,PIT,NYJ,37.0,15.0,1,0,0.0,0.35714285714285715,2.0,0.3,2.0
2024_07_BAL_TB,2024,7,REG,TB,BAL,31.0,41.0,0,0,2.0,0.6470588235294118,1.0,0.375,-1.0
2024_07_LAC_ARI,2024,7,REG,ARI,LAC,17.0,15.0,1,0,2.0,0.2857142857142857,1.0,0.42857142857142855,-1.0
2024_08_MIN_LA,2024,8,REG,LA,MIN,30.0,20.0,1,0,1.0,0.4,0.0,0.2857142857142857,-1.0
2024_08_PHI_CIN,2024,8,REG,CIN,PHI,17.0,37.0,0,0,2.0,0.7692307692307693,0.0,0.5454545454545454,-2.0
2024_08_BAL_CLE,2024,8,REG,CLE,BAL,29.0,24.0,1,0,1.0,0.5333333333333333,0.0,0.2,-1.0
2024_08_TEN_DET,2024,8,REG,DET,TEN,52.0,14.0,1,0,0.0,0.3333333333333333,4.0,0.2727272727272727,4.0
2024_08_IND_HOU,2024,8,REG,HOU,IND,23.0,20.0,1,0,1.0,0.3076923076923077,2.0,0.15384615384615385,1.0
2024_08_GB_JAX,2024,8,REG,JAX,GB,27.0,30.0,0,0,2.0,0.1111111111111111,1.0,0.2727272727272727,-1.0
2024_08_ARI_MIA,2024,8,REG,MIA,ARI,27.0,28.0,0,0,0.0,0.7333333333333333,0.0,0.5384615384615384,0.0
2024_08_NYJ_NE,2024,8,REG,NE,NYJ,25.0,22.0,1,0,0.0,0.4666666666666667,0.0,0.4,0.0
2024_08_ATL_TB,2024,8,REG,TB,ATL,26.0,31.0,0,0,3.0,0.6428571428571429,0.0,0.5,-3.0
2024_08_NO_LAC,2024,8,REG,LAC,NO,26.0,8.0,1,0,0.0,0.25,0.0,0.125,0.0
2024_08_BUF_SEA,2024,8,REG,SEA,BUF,10.0,31.0,0,0,1.0,0.14285714285714285,2.0,0.5333333333333333,1.0
2024_08_CAR_DEN,2024,8,REG,DEN,CAR,28.0,14.0,1,0,2.0,0.6470588235294118,2.0,0.35714285714285715,0.0
2024_08_KC_LV,2024,8,REG,LV,KC,20.0,27.0,0,0,1.0,0.46153846153846156,1.0,0.75,0.0
2024_08_CHI_WAS,2024,8,REG,WAS,CHI,18.0,15.0,1,0,0.0,0.3333333333333333,1.0,0.16666666666666666,1.0
2024_08_DAL_SF,2024,8,REG,SF,DAL,30.0,24.0,1,0,0.0,0.5,2.0,0.3333333333333333,2.0
2024_08_NYG_PIT,2024,8,REG,PIT,NYG,26.0,18.0,1,0,1.0,0.46153846153846156,2.0,0.3333333333333333,1.0
2024_09_HOU_NYJ,2024,9,REG,NYJ,HOU,21.0,13.0,1,0,1.0,0.4166666666666667,1.0,0.35294117647058826,0.0
2024_09_DAL_ATL,2024,9,REG,ATL,DAL,27.0,21.0,1,0,1.0,0.3076923076923077,0.0,0.23076923076923078,-1.0
2024_09_DEN_BAL,2024,9,REG,BAL,DEN,41.0,10.0,1,0,0.0,0.375,1.0,0.42857142857142855,1.0
2024_09_MIA_BUF,2024,9,REG,BUF,MIA,30.0,27.0,1,0,1.0,0.5,1.0,0.5,0.0
2024_09_NO_CAR,2024,9,REG,CAR,NO,23.0,22.0,1,0,1.0,0.4,0.0,0.3333333333333333,-1.0
2024_09_LV_CIN,2024,9,REG,CIN,LV,41.0,24.0,1,0,1.0,0.5333333333333333,2.0,0.38461538461538464,1.0
2024_09_LAC_CLE,2024,9,REG,CLE,LAC,10.0,27.0,0,0,3.0,0.35294117647058826,0.0,0.35714285714285715,-3.0
2024_09_WAS_NYG,2024,9,REG,NYG,WAS,22.0,27.0,0,0,1.0,0.5454545454545454,0.0,0.4166666666666667,-1.0
2024_09_NE_TEN,2024,9,REG,TEN,NE,20.0,17.0,1,0,1.0,0.4375,3.0,0.2727272727272727,2.0
2024_09_CHI_ARI,2024,9,REG,ARI,CHI,29.0,9.0,1,0,2.0,0.38461538461538464,0.0,0.21428571428571427,-2.0
2024_09_JAX_PHI,2024,9,REG,PHI,JAX,28.0,23.0,1,0,2.0,0.5294117647058824,2.0,0.3,0.0
2024_09_DET_GB,2024,9,REG,GB,DET,14.0,24.0,0,0,1.0,0.25,0.0,0.3333333333333333,-1.0
2024_09_LA_SEA,2024,9,REG,SEA,LA,20.0,26.0,0,0,3.0,0.26666666666666666,1.0,0.23076923076923078,-2.0
2024_09_IND_MIN,2024,9,REG,MIN,IND,21.0,13.0,1,0,3.0,0.5,2.0,0.2727272727272727,-1.0
2024_09_TB_KC,2024,9,REG,KC,TB,30.0,24.0,1,0,1.0,0.6666666666666666,0.0,0.45454545454545453,-1.0
2024_10_CIN_BAL,2024,10,REG,BAL,CIN,35.0,34.0,1,0,0.0,0.5833333333333334,1.0,0.5,1.0
2024_10_NYG_CAR,2024,10,REG,CAR,NYG,20.0,17.0,1,0,1.0,0.4,3.0,0.4666666666666667,2.0
2024_10_NE_CHI,2024,10,REG,CHI,NE,3.0,19.0,0,0,0.0,0.07142857142857142,1.0,0.35714285714285715,1.0
2024_10_BUF_IND,2024,10,REG,IND,BUF,20.0,30.0,0,0,4.0,0.36363636363636365,2.0,0.5,-2.0
2024_10_MIN_JAX,2024,10,REG,JAX,MIN,7.0,12.0,0,0,3.0,0.45454545454545453,3.0,0.35714285714285715,0.0
2024_10_DEN_KC,2024,10,REG,KC,DEN,16.0,14.0,1,0,0.0,0.4375,0.0,0.5384615384615384,0.0
2024_10_ATL_NO,2024,10,REG,NO,ATL,20.0,17.0,1,0,0.0,0.38461538461538464,1.0,0.35714285714285715,1.0
2024_10_SF_TB,2024,10,REG,TB,SF,20.0,23.0,0,0,1.0,0.35714285714285715,0.0,0.45454545454545453,-1.0
2024_10_PIT_WAS,2024,10,REG,WAS,PIT,27.0,28.0,0,0,0.0,0.35714285714285715,3.0,0.4375,3.0
2024_10_TEN_LAC,2024,10,REG,LAC,TEN,27.0,17.0,1,0,0.0,0.4,0.0,0.3333333333333333,0.0
2024_10_NYJ_ARI,2024,10,REG,ARI,NYJ,31.0,6.0,1,0,0.0,0.7142857142857143,1.0,0.46153846153846156,1.0
2024_10_PHI_DAL,2024,10,REG,DAL,PHI,6.0,34.0,0,0,5.0,0.21428571428571427,2.0,0.36363636363636365,-3.0
2024_10_DET_HOU,2024,10,REG,HOU,DET,23.0,26.0,0,0,2.0,0.4,5.0,0.5833333333333334,3.0
2024_10_MIA_LA,2024,10,REG,LA,MIA,15.0,23.0,0,0,2.0,0.25,2.0,0.46153846153846156,0.0
2024_11_WAS_PHI,2024,11,REG,PHI,WAS,26.0,18.0,1,0,0.0,0.5625,1.0,0.25,1.0
2024_11_GB_CHI,2024,11,REG,CHI,GB,19.0,20.0,0,0,0.0,0.5625,1.0,0.2,1.0
2024_11_JAX_DET,2024,11,REG,DET,JAX,52.0,6.0,1,0,0.0,0.6,1.0,0.2,1.0
2024_11_LV_MIA,2024,11,REG,MIA,LV,34.0,19.0,1,0,0.0,0.6666666666666666,1.0,0.5714285714285714,1.0
2024_11_LA_NE,2024,11,REG,NE,LA,22.0,28.0,0,0,2.0,0.42857142857142855,0.0,0.25,-2.0
2024_11_CLE_NO,2024,11,REG,NO,CLE,35.0,14.0,1,0,2.0,0.5,0.0,0.23076923076923078,-2.0
2024_11_IND_NYJ,2024,11,REG,NYJ,IND,27.0,28.0,0,0,0.0,0.3076923076923077,1.0,0.4,1.0
2024_11_BAL_PIT,2024,11,REG,PIT,BAL,18.0,16.0,1,0,1.0,0.25,3.0,0.36363636363636365,2.0
2024_11_MIN_TEN,2024,11,REG,TEN,MIN,13.0,23.0,0,0,1.0,0.4,1.0,0.35714285714285715,0.0
2024_11_ATL_DEN,2024,11,REG,DEN,ATL,38.0,6.0,1,0,0.0,0.5454545454545454,1.0,0.3076923076923077,1.0
2024_11_SEA_SF,2024,11,REG,SF,SEA,17.0,20.0,0,0,1.0,0.6363636363636364,1.0,0.46153846153846156,0.0
2024_11_KC_BUF,2024,11,REG,BUF,KC,30.0,21.0,1,0,1.0,0.6,2.0,0.5,1.0
2024_11_CIN_LAC,2024,11,REG,LAC,CIN,34.0,27.0,1,0,1.0,0.2727272727272727,0.0,0.29411764705882354,-1.0
2024_11_HOU_DAL,2024,11,REG,DAL,HOU,10.0,34.0,0,0,2.0,0.3333333333333333,1.0,0.3333333333333333,-1.0
2024_12_PIT_CLE,2024,12,REG,CLE,PIT,24.0,19.0,1,0,3.0,0.1,1.0,0.4375,-2.0
2024_12_KC_CAR,2024,12,REG,CAR,KC,27.0,30.0,0,0,0.0,0.38461538461538464,0.0,0.6153846153846154,0.0
2024_12_MIN_CHI,2024,12,REG,CHI,MIN,27.0,30.0,0,0,0.0,0.35294117647058826,2.0,0.46153846153846156,2.0
2024_12_TEN_HOU,2024,12,REG,HOU,TEN,27.0,32.0,0,0,3.0,0.23076923076923078,2.0,0.2857142857142857,-1.0
2024_12_DET_IND,2024,12,REG,IND,DET,6.0,24.0,0,0,0.0,0.25,0.0,0.6,0.0
2024_12_NE_MIA,2024,12,REG,MIA,NE,34.0,15.0,1,0,1.0,0.3333333333333333,2.0,0.21428571428571427,1.0
2024_12_TB_NYG,2024,12,REG,NYG,TB,7.0,30.0,0,0,1.0,0.45454545454545453,1.0,0.5454545454545454,0.0
2024_12_DAL_WAS,2024,12,REG,WAS,DAL,26.0,34.0,0,0,3.0,0.3333333333333333,1.0,0.18181818181818182,-2.0
2024_12_DEN_LV,2024,12,REG,LV,DEN,19.0,29.0,0,0,2.0,0.2857142857142857,0.0,0.4,-2.0
2024_12_SF_GB,2024,12,REG,GB,SF,38.0,10.0,1,0,0.0,0.46153846153846156,3.0,0.3,3.0
2024_12_ARI_SEA,2024,12,REG,SEA,ARI,16.0,6.0,1,0,1.0,0.5,1.0,0.25,0.0
2024_12_PHI_LA,2024,12,REG,LA,PHI,20.0,37.0,0,0,1.0,0.0,0.0,0.6,-1.0
2024_12_BAL_LAC,2024,12,REG,LAC,BAL,23.0,30.0,0,0,0.0,0.35714285714285715,0.0,0.5333333333333333,0.0
2024_13_CHI_DET,2024,13,REG,DET,CHI,23.0,20.0,1,0,1.0,0.35714285714285715,0.0,0.4666666666666667,-1.0
2024_13_NYG_DAL,2024,13,REG,DAL,NYG,27.0,20.0,1,0,0.0,0.4666666666666667,2.0,0.25,2.0
2024_13_MIA_GB,2024,13,REG,GB,MIA,30.0,17.0,1,0,1.0,0.45454545454545453,0.0,0.2857142857142857,-1.0
2024_13_LV_KC,2024,13,REG,KC,LV,19.0,17.0,1,0,0.0,0.4375,1.0,0.25,1.0
2024_13_LAC_ATL,2024,13,REG,ATL,LAC,13.0,17.0,0,0,4.0,0.21428571428571427,1.0,0.2727272727272727,-3.0
2024_13_PIT_CIN,2024,13,REG,CIN,PIT,38.0,44.0,0,0,3.0,0.5,1.0,0.4444444444444444,-2.0
2024_13_HOU_JAX,2024,13,REG,JAX,HOU,20.0,23.0,0,0,1.0,0.3333333333333333,0.0,0.38461538461538464,-1.0
2024_13_ARI_MIN,2024,13,REG,MIN,ARI,23.0,22.0,1,0,1.0,0.125,2.0,0.38461538461538464,1.0
2024_13_IND_NE,2024,13,REG,NE,IND,24.0,25.0,0,0,1.0,0.5454545454545454,2.0,0.45454545454545453,1.0
2024_13_SEA_NYJ,2024,13,REG,NYJ,SEA,21.0,26.0,0,0,2.0,0.38461538461538464,2.0,0.3076923076923077,0.0
2024_13_TEN_WAS,2024,13,REG,WAS,TEN,42.0,19.0,1,0,1.0,0.6428571428571429,2.0,0.4166666666666667,1.0
2024_13_TB_CAR,2024,13,REG,CAR,TB,23.0,26.0,0,0,1.0,0.375,2.0,0.16666666666666666,1.0
2024_13_LA_NO,2024,13,REG,NO,LA,14.0,21.0,0,0,0.0,0.3333333333333333,0.0,0.4444444444444444,0.0
2024_13_PHI_BAL,2024,13,REG,BAL,PHI,19.0,24.0,0,0,0.0,0.4,0.0,0.3333333333333333,0.0
2024_13_SF_BUF,2024,13,REG,BUF,SF,35.0,10.0,1,0,0.0,0.5,3.0,0.3,3.0
2024_13_CLE_DEN,2024,13,REG,DEN,CLE,41.0,32.0,1,0,2.0,0.46153846153846156,3.0,0.47368421052631576,1.0
2024_14_GB_DET,2024,14,REG,DET,GB,34.0,31.0,1,0,1.0,0.4666666666666667,1.0,0.2,0.0
2024_14_NYJ_MIA,2024,14,REG,MIA,NYJ,32.0,26.0,1,0,0.0,0.1111111111111111,0.0,0.3333333333333333,0.0
2024_14_ATL_MIN,2024,14,REG,MIN,ATL,42.0,21.0,1,0,0.0,0.6666666666666666,3.0,0.5384615384615384,3.0
2024_14_NO_NYG,2024,14,REG,NYG,NO,11.0,14.0,0,0,1.0,0.2631578947368421,1.0,0.3333333333333333,0.0
2024_14_CAR_PHI,2024,14,REG,PHI,CAR,22.0,16.0,1,0,0.0,0.5833333333333334,1.0,0.4375,1.0
2024_14_CLE_PIT,2024,14,REG,PIT,CLE,27.0,14.0,1,0,2.0,0.42857142857142855,2.0,0.15384615384615385,0.0
2024_14_LV_TB,2024,14,REG,TB,LV,28.0,13.0,1,0,3.0,0.4166666666666667,2.0,0.3076923076923077,-1.0
2024_14_JAX_TEN,2024,14,REG,TEN,JAX,6.0,10.0,0,0,0.0,0.5,2.0,0.46153846153846156,2.0
2024_14_SEA_ARI,2024,14,REG,ARI,SEA,18.0,30.0,0,0,2.0,0.3333333333333333,0.0,0.4666666666666667,-2.0
2024_14_BUF_LA,2024,14,REG,LA,BUF,44.0,42.0,1,0,0.0,0.7333333333333333,0.0,0.5555555555555556,0.0
2024_14_CHI_SF,2024,14,REG,SF,CHI,38.0,13.0,1,0,1.0,0.5,1.0,0.4,0.0
2024_14_LAC_KC,2024,14,REG,KC,LAC,19.0,17.0,1,0,0.0,0.5333333333333333,0.0,0.46153846153846156,0.0
2024_14_CIN_DAL,2024,14,REG,DAL,CIN,20.0,27.0,0,0,1.0,0.3333333333333333,2.0,0.4,1.0
2024_15_LA_SF,2024,15,REG,SF,LA,6.0,12.0,0,0,1.0,0.25,0.0,0.26666666666666666,-1.0
2024_15_DAL_CAR,2024,15,REG,CAR,DAL,14.0,30.0,0,0,4.0,0.2727272727272727,1.0,0.5,-3.0
2024_15_KC_CLE,2024,15,REG,CLE,KC,7.0,21.0,0,0,5.0,0.3333333333333333,1.0,0.3888888888888889,-4.0
2024_15_MIA_HOU,2024,15,REG,HOU,MIA,20.0,12.0,1,0,1.0,0.38461538461538464,4.0,0.3076923076923077,3.0
2024_15_NYJ_JAX,2024,15,REG,JAX,NYJ,25.0,32.0,0,0,2.0,0.5333333333333333,0.0,0.4,-2.0
2024_15_WAS_NO,2024,15,REG,NO,WAS,19.0,20.0,0,0,1.0,0.2727272727272727,0.0,0.5294117647058824,-1.0
2024_15_BAL_NYG,2024,15,REG,NYG,BAL,14.0,35.0,0,0,1.0,0.16666666666666666,1.0,0.8181818181818182,0.0
2024_15_CIN_TEN,2024,15,REG,TEN,CIN,27.0,37.0,0,0,6.0,0.625,3.0,0.7692307692307693,-3.0
2024_15_NE_ARI,2024,15,REG,ARI,NE,30.0,17.0,1,0,0.0,0.6666666666666666,1.0,0.0,1.0
2024_15_IND_DEN,2024,15,REG,DEN,IND,31.0,13.0,1,0,3.0,0.35294117647058826,5.0,0.26666666666666666,2.0
2024_15_BUF_DET,2024,15,REG,DET,BUF,42.0,48.0,0,0,1.0,0.46153846153846156,0.0,0.5,-1.0
2024_15_TB_LAC,2024,15,REG,LAC,TB,17.0,40.0,0,0,2.0,0.0,2.0,0.6,0.0
2024_15_PIT_PHI,2024,15,REG,PHI,PIT,27.0,13.0,1,0,1.0,0.5882352941176471,2.0,0.3,1.0
2024_15_GB_SEA,2024,15,REG,SEA,GB,13.0,30.0,0,0,2.0,0.3076923076923077,1.0,0.4166666666666667,-1.0
2024_15_CHI_MIN,2024,15,REG,MIN,CHI,30.0,12.0,1,0,1.0,0.5,1.0,0.08333333333333333,0.0
2024_15_ATL_LV,2024,15,REG,LV,ATL,9.0,15.0,0,0,3.0,0.2857142857142857,1.0,0.3076923076923077,-2.0
2024_16_DEN_LAC,2024,16,REG,LAC,DEN,34.0,27.0,1,0,1.0,0.5,0.0,0.38461538461538464,-1.0
2024_16_HOU_KC,2024,16,REG,KC,HOU,27.0,19.0,1,0,0.0,0.5384615384615384,2.0,0.5384615384615384,2.0
2024_16_PIT_BAL,2024,16,REG,BAL,PIT,34.0,17.0,1,0,1.0,0.4,2.0,0.4,1.0
2024_16_NYG_ATL,2024,16,REG,ATL,NYG,34.0,7.0,1,0,1.0,0.5714285714285714,3.0,0.3333333333333333,2.0
2024_16_ARI_CAR,2024,16,REG,CAR,ARI,36.0,30.0,1,0,0.0,0.42857142857142855,2.0,0.46153846153846156,2.0
2024_16_DET_CHI,2024,16,REG,CHI,DET,17.0,34.0,0,0,2.0,0.2,0.0,0.5833333333333334,-2.0
2024_16_CLE_CIN,2024,16,REG,CIN,CLE,24.0,6.0,1,0,1.0,0.36363636363636365,3.0,0.25,2.0
2024_16_TEN_IND,2024,16,REG,IND,TEN,38.0,30.0,1,0,1.0,0.5333333333333333,3.0,0.45454545454545453,2.0
2024_16_LA_NYJ,2024,16,REG,NYJ,LA,9.0,19.0,0,0,1.0,0.38461538461538464,2.0,0.5,1.0
2024_16_PHI_WAS,2024,16,REG,WAS,PHI,36.0,33.0,1,0,5.0,0.5384615384615384,2.0,0.1875,-3.0
2024_16_MIN_SEA,2024,16,REG,SEA,MIN,24.0,27.0,0,0,2.0,0.2,0.0,0.25,-2.0
2024_16_NE_BUF,2024,16,REG,BUF,NE,24.0,21.0,1,0,1.0,0.36363636363636365,3.0,0.5833333333333334,2.0
2024_16_JAX_LV,2024,16,REG,LV,JAX,19.0,14.0,1,0,0.0,0.2857142857142857,2.0,0.4,2.0
2024_16_SF_MIA,2024,16,REG,MIA,SF,29.0,17.0,1,0,0.0,0.3333333333333333,1.0,0.38461538461538464,1.0
2024_16_TB_DAL,2024,16,REG,DAL,TB,26.0,24.0,1,0,0.0,0.3333333333333333,2.0,0.5,2.0
2024_16_NO_GB,2024,16,REG,GB,NO,34.0,0.0,1,0,0.0,0.46153846153846156,2.0,0.36363636363636365,2.0
2024_17_KC_PIT,2024,17,REG,PIT,KC,10.0,29.0,0,0,2.0,0.5,0.0,0.3,-2.0
2024_17_BAL_HOU,2024,17,REG,HOU,BAL,2.0,31.0,0,0,1.0,0.26666666666666666,0.0,0.4444444444444444,-1.0
2024_17_SEA_CHI,2024,17,REG,CHI,SEA,3.0,6.0,0,0,1.0,0.3333333333333333,1.0,0.38461538461538464,0.0
2024_17_LAC_NE,2024,17,REG,NE,LAC,7.0,40.0,0,0,1.0,0.2,0.0,0.5882352941176471,-1.0
2024_17_DEN_CIN,2024,17,REG,CIN,DEN,30.0,24.0,1,0,1.0,0.5384615384615384,1.0,0.3333333333333333,0.0
2024_17_ARI_LA,2024,17,REG,LA,ARI,13.0,9.0,1,0,0.0,0.4,2.0,0.46153846153846156,2.0
2024_17_NYJ_BUF,2024,17,REG,BUF,NYJ,40.0,14.0,1,0,0.0,0.5714285714285714,3.0,0.4444444444444444,3.0
2024_17_TEN_JAX,2024,17,REG,JAX,TEN,20.0,13.0,1,0,0.0,0.6153846153846154,1.0,0.5,1.0
2024_17_LV_NO,2024,17,REG,NO,LV,10.0,25.0,0,0,2.0,0.1,0.0,0.5555555555555556,-2.0
2024_17_IND_NYG,2024,17,REG,NYG,IND,45.0,33.0,1,0,0.0,0.5384615384615384,3.0,0.5384615384615384,3.0
2024_17_DAL_PHI,2024,17,REG,PHI,DAL,41.0,7.0,1,0,0.0,0.46153846153846156,4.0,0.42857142857142855,4.0
2024_17_CAR_TB,2024,17,REG,TB,CAR,48.0,14.0,1,0,0.0,0.7142857142857143,0.0,0.2222222222222222,0.0
2024_17_MIA_CLE,2024,17,REG,CLE,MIA,3.0,20.0,0,0,2.0,0.4117647058823529,0.0,0.18181818181818182,-2.0
2024_17_GB_MIN,2024,17,REG,MIN,GB,27.0,25.0,1,0,1.0,0.5,1.0,0.5714285714285714,0.0
2024_17_ATL_WAS,2024,17,REG,WAS,ATL,30.0,24.0,1,0,1.0,0.46153846153846156,1.0,0.2,0.0
2024_17_DET_SF,2024,17,REG,SF,DET,34.0,40.0,0,0,2.0,0.625,0.0,0.6428571428571429,-2.0
2024_18_CLE_BAL,2024,18,REG,BAL,CLE,35.0,10.0,1,0,0.0,0.5,2.0,0.3333333333333333,2.0
2024_18_CIN_PIT,2024,18,REG,PIT,CIN,17.0,19.0,0,0,1.0,0.3333333333333333,2.0,0.38461538461538464,1.0
2024_18_CAR_ATL,2024,18,REG,ATL,CAR,38.0,44.0,0,0,1.0,0.6428571428571429,0.0,0.5833333333333334,-1.0
2024_18_WAS_DAL,2024,18,REG,DAL,WAS,19.0,23.0,0,0,1.0,0.4117647058823529,0.0,0.46153846153846156,-1.0
2024_18_CHI_GB,2024,18,REG,GB,CHI,22.0,24.0,0,0,2.0,0.3,2.0,0.5,0.0
2024_18_JAX_IND,2024,18,REG,IND,JAX,26.0,23.0,1,0,0.0,0.3333333333333333,1.0,0.35714285714285715,1.0
2024_18_BUF_NE,2024,18,REG,NE,BUF,23.0,16.0,1,0,1.0,0.3333333333333333,0.0,0.4,-1.0
2024_18_NYG_PHI,2024,18,REG,PHI,NYG,20.0,13.0,1,0,0.0,0.21428571428571427,1.0,0.2857142857142857,1.0
2024_18_NO_TB,2024,18,REG,TB,NO,27.0,19.0,1,0,1.0,0.625,0.0,0.23076923076923078,-1.0
2024_18_HOU_TEN,2024,18,REG,TEN,HOU,14.0,23.0,0,0,1.0,0.3333333333333333,1.0,0.4166666666666667,0.0
2024_18_SF_ARI,2024,18,REG,ARI,SF,47.0,24.0,1,0,0.0,0.36363636363636365,3.0,0.38461538461538464,3.0
2024_18_KC_DEN,2024,18,REG,DEN,KC,38.0,0.0,1,0,0.0,0.7142857142857143,0.0,0.1111111111111111,0.0
2024_18_SEA_LA,2024,18,REG,LA,SEA,25.0,30.0,0,0,1.0,0.35714285714285715,0.0,0.5454545454545454,-1.0
2024_18_LAC_LV,2024,18,REG,LV,LAC,20.0,34.0,0,0,1.0,0.2222222222222222,0.0,0.5,-1.0
2024_18_MIA_NYJ,2024,18,REG,NYJ,MIA,32.0,20.0,1,0,1.0,0.4166666666666667,4.0,0.25,3.0
2024_18_MIN_DET,2024,18,REG,DET,MIN,31.0,9.0,1,0,2.0,0.4166666666666667,0.0,0.23076923076923078,-2.0
2024_19_LAC_HOU,2024,19,WC,HOU,LAC,32.0,12.0,1,0,3.0,0.35714285714285715,4.0,0.2727272727272727,1.0
2024_19_PIT_BAL,2024,19,WC,BAL,PIT,28.0,14.0,1,0,0.0,0.6666666666666666,0.0,0.45454545454545453,0.0
2024_19_DEN_BUF,2024,19,WC,BUF,DEN,31.0,7.0,1,0,0.0,0.5333333333333333,0.0,0.2222222222222222,0.0
2024_19_GB_PHI,2024,19,WC,PHI,GB,22.0,10.0,1,0,0.0,0.18181818181818182,4.0,0.5384615384615384,4.0
2024_19_WAS_TB,2024,19,WC,TB,WAS,20.0,23.0,0,0,1.0,0.5555555555555556,0.0,0.5333333333333333,-1.0
2024_19_MIN_LA,2024,19,WC,LA,MIN,27.0,9.0,1,0,0.0,0.2,2.0,0.35294117647058826,2.0
2024_20_HOU_KC,2024,20,DIV,KC,HOU,23.0,14.0,1,0,0.0,0.36363636363636365,0.0,0.5882352941176471,0.0
2024_20_WAS_DET,2024,20,DIV,DET,WAS,31.0,45.0,0,0,5.0,0.3333333333333333,0.0,0.3333333333333333,-5.0
2024_20_LA_PHI,2024,20,DIV,PHI,LA,28.0,22.0,1,0,0.0,0.4,2.0,0.375,2.0
2024_20_BAL_BUF,2024,20,DIV,BUF,BAL,27.0,25.0,1,0,0.0,0.45454545454545453,3.0,0.7,3.0
2024_21_WAS_PHI,2024,21,CON,PHI,WAS,55.0,23.0,1,0,0.0,0.5,4.0,0.4117647058823529,4.0
2024_21_BUF_KC,2024,21,CON,KC,BUF,32.0,29.0,1,0,1.0,0.5555555555555556,0.0,0.35714285714285715,-1.0
2024_22_KC_PHI,2024,22,SB,PHI,KC,40.0,22.0,1,0,1.0,0.25,3.0,0.2727272727272727,2.0
2025_01_DAL_PHI,2025,1,REG,PHI,DAL,24.0,20.0,1,0,0.0,0.6153846153846154,1.0,0.6363636363636364,1.0
2025_01_KC_LAC,2025,1,REG,LAC,KC,27.0,21.0,1,0,0.0,0.5384615384615384,0.0,0.35714285714285715,0.0
2025_01_TB_ATL,2025,1,REG,ATL,TB,20.0,23.0,0,0,0.0,0.4,0.0,0.5,0.0
2025_01_CIN_CLE,2025,1,REG,CLE,CIN,16.0,17.0,0,0,2.0,0.5625,0.0,0.5,-2.0
2025_01_MIA_IND,2025,1,REG,IND,MIA,33.0,8.0,1,0,0.0,0.4666666666666667,3.0,0.5,3.0
2025_01_CAR_JAX,2025,1,REG,JAX,CAR,26.0,10.0,1,0,1.0,0.4166666666666667,3.0,0.5333333333333333,2.0
2025_01_LV_NE,2025,1,REG,NE,LV,13.0,20.0,0,0,1.0,0.2857142857142857,1.0,0.38461538461538464,0.0
2025_01_ARI_NO,2025,1,REG,NO,ARI,13.0,20.0,0,0,0.0,0.35714285714285715,0.0,0.46153846153846156,0.0
2025_01_PIT_NYJ,2025,1,REG,NYJ,PIT,32.0,34.0,0,0,1.0,0.5,0.0,0.4,-1.0
2025_01_NYG_WAS,2025,1,REG,WAS,NYG,21.0,6.0,1,0,0.0,0.36363636363636365,0.0,0.25,0.0
2025_01_TEN_DEN,2025,1,REG,DEN,TEN,20.0,12.0,1,0,3.0,0.4,3.0,0.14285714285714285,0.0
2025_01_SF_SEA,2025,1,REG,SEA,SF,13.0,17.0,0,0,2.0,0.3,2.0,0.5,0.0
2025_01_DET_GB,2025,1,REG,GB,DET,27.0,13.0,1,0,0.0,0.4,1.0,0.3333333333333333,1.0
2025_01_HOU_LA,2025,1,REG,LA,HOU,14.0,9.0,1,0,1.0,0.5384615384615384,2.0,0.2222222222222222,1.0
2025_01_BAL_BUF,2025,1,REG,BUF,BAL,41.0,40.0,1,0,0.0,0.4666666666666667,1.0,0.5454545454545454,1.0
2025_01_MIN_CHI,2025,1,REG,CHI,MIN,24.0,27.0,0,0,1.0,0.25,1.0,0.25,0.0
2025_02_WAS_GB,2025,2,REG,GB,WAS,27.0,18.0,1,0,0.0,0.4166666666666667,0.0,0.3125,0.0
2025_02_CLE_BAL,2025,2,REG,BAL,CLE,41.0,17.0,1,0,0.0,0.25,2.0,0.3888888888888889,2.0
2025_02_JAX_CIN,2025,2,REG,CIN,JAX,31.0,27.0,1,0,3.0,0.42857142857142855,2.0,0.46153846153846156,-1.0
2025_02_NYG_DAL,2025,2,REG,DAL,NYG,40.0,37.0,1,0,1.0,0.42857142857142855,1.0,0.42857142857142855,0.0
2025_02_CHI_DET,2025,2,REG,DET,CHI,52.0,21.0,1,0,0.0,0.4,2.0,0.5384615384615384,2.0
2025_02_NE_MIA,2025,2,REG,MIA,NE,27.0,33.0,0,0,1.0,0.4,0.0,0.5833333333333334,-1.0
2025_02_SF_NO,2025,2,REG,NO,SF,21.0,26.0,0,0,1.0,0.36363636363636365,1.0,0.5333333333333333,0.0
2025_02_BUF_NYJ,2025,2,REG,NYJ,BUF,10.0,30.0,0,0,1.0,0.0,0.0,0.35714285714285715,-1.0
2025_02_SEA_PIT,2025,2,REG,PIT,SEA,17.0,31.0,0,0,2.0,0.3333333333333333,2.0,0.42857142857142855,0.0
2025_02_LA_TEN,2025,2,REG,TEN,LA,19.0,33.0,0,0,1.0,0.4,1.0,0.4166666666666667,0.0
2025_02_CAR_ARI,2025,2,REG,ARI,CAR,27.0,22.0,1,0,1.0,0.3333333333333333,2.0,0.3333333333333333,1.0
2025_02_DEN_IND,2025,2,REG,IND,DEN,29.0,28.0,1,0,0.0,0.46153846153846156,1.0,0.4444444444444444,1.0
2025_02_PHI_KC,2025,2,REG,KC,PHI,17.0,20.0,0,0,1.0,0.3333333333333333,0.0,0.35714285714285715,-1.0
2025_02_ATL_MIN,2025,2,REG,MIN,ATL,6.0,22.0,0,0,3.0,0.36363636363636365,2.0,0.4,-1.0
2025_02_TB_HOU,2025,2,REG,HOU,TB,19.0,20.0,0,0,0.0,0.2222222222222222,0.0,0.42857142857142855,0.0
2025_02_LAC_LV,2025,2,REG,LV,LAC,9.0,20.0,0,0,3.0,0.5,1.0,0.36363636363636365,-2.0
2025_03_MIA_BUF,2025,3,REG,BUF,MIA,31.0,21.0,1,0,0.0,0.5454545454545454,1.0,0.6666666666666666,1.0
2025_03_ATL_CAR,2025,3,REG,CAR,ATL,30.0,0.0,1,0,0.0,0.2727272727272727,4.0,0.38461538461538464,4.0
2025_03_GB_CLE,2025,3,REG,CLE,GB,13.0,10.0,1,0,1.0,0.3076923076923077,1.0,0.5555555555555556,0.0
2025_03_HOU_JAX,2025,3,REG,JAX,HOU,17.0,10.0,1,0,1.0,0.26666666666666666,3.0,0.26666666666666666,2.0
2025_03_CIN_MIN,2025,3,REG,MIN,CIN,48.0,10.0,1,0,0.0,0.3333333333333333,5.0,0.2727272727272727,5.0
2025_03_PIT_NE,2025,3,REG,NE,PIT,14.0,21.0,0,0,5.0,0.46153846153846156,1.0,0.4444444444444444,-4.0
2025_03_LA_PHI,2025,3,REG,PHI,LA,33.0,26.0,1,0,1.0,0.35714285714285715,1.0,0.3,0.0
2025_03_NYJ_TB,2025,3,REG,TB,NYJ,29.0,27.0,1,0,0.0,0.3076923076923077,2.0,0.2727272727272727,2.0
2025_03_IND_TEN,2025,3,REG,TEN,IND,20.0,41.0,0,0,1.0,0.35714285714285715,0.0,0.25,-1.0
2025_03_LV_WAS,2025,3,REG,WAS,LV,41.0,24.0,1,0,1.0,0.5,0.0,0.21428571428571427,-1.0
2025_03_DEN_LAC,2025,3,REG,LAC,DEN,23.0,20.0,1,0,2.0,0.47058823529411764,0.0,0.15384615384615385,-2.0
2025_03_NO_SEA,2025,3,REG,SEA,NO,44.0,13.0,1,0,1.0,0.3333333333333333,1.0,0.3333333333333333,0.0
2025_03_DAL_CHI,2025,3,REG,CHI,DAL,31.0,14.0,1,0,0.0,0.5714285714285714,4.0,0.2727272727272727,4.0
2025_03_ARI_SF,2025,3,REG,SF,ARI,16.0,15.0,1,0,1.0,0.2,0.0,0.3333333333333333,-1.0
2025_03_KC_NYG,2025,3,REG,NYG,KC,9.0,22.0,0,0,2.0,0.1,0.0,0.5333333333333333,-2.0
2025_03_DET_BAL,2025,3,REG,BAL,DET,30.0,38.0,0,0,1.0,0.5454545454545454,0.0,0.5,-1.0
2025_04_SEA_ARI,2025,4,REG,ARI,SEA,20.0,23.0,0,0,3.0,0.4,0.0,0.46153846153846156,-3.0
2025_04_MIN_PIT,2025,4,REG,PIT,MIN,24.0,21.0,1,0,0.0,0.4,2.0,0.2857142857142857,2.0
2025_04_WAS_ATL,2025,4,REG,ATL,WAS,34.0,27.0,1,0,1.0,0.5,1.0,0.125,0.0
2025_04_NO_BUF,2025,4,REG,BUF,NO,31.0,19.0,1,0,1.0,0.3,1.0,0.38461538461538464,0.0
2025_04_CLE_DET,2025,4,REG,DET,CLE,34.0,10.0,1,0,1.0,0.42857142857142855,3.0,0.21428571428571427,2.0
2025_04_TEN_HOU,2025,4,REG,HOU,TEN,26.0,0.0,1,0,0.0,0.4,1.0,0.18181818181818182,1.0
2025_04_CAR_NE,2025,4,REG,NE,CAR,42.0,13.0,1,0,0.0,0.3333333333333333,0.0,0.35714285714285715,0.0
2025_04_LAC_NYG,2025,4,REG,NYG,LAC,21.0,18.0,1,0,0.0,0.4666666666666667,2.0,0.3333333333333333,2.0
2025_04_PHI_TB,2025,4,REG,TB,PHI,25.0,31.0,0,0,2.0,0.23076923076923078,0.0,0.35714285714285715,-2.0
2025_04_IND_LA,2025,4,REG,LA,IND,27.0,20.0,1,0,1.0,0.3333333333333333,3.0,0.3333333333333333,2.0
2025_04_JAX_SF,2025,4,REG,SF,JAX,21.0,26.0,0,0,4.0,0.6153846153846154,0.0,0.2857142857142857,-4.0
2025_04_BAL_KC,2025,4,REG,KC,BAL,37.0,20.0,1,0,0.0,0.3333333333333333,2.0,0.3,2.0
2025_04_CHI_LV,2025,4,REG,LV,CHI,24.0,25.0,0,0,4.0,0.25,1.0,0.4375,-3.0
2025_04_GB_DAL,2025,4,REG,DAL,GB,40.0,40.0,0,1,0.0,0.36363636363636365,1.0,0.7142857142857143,1.0
2025_04_NYJ_MIA,2025,4,REG,MIA,NYJ,27.0,21.0,1,0,0.0,0.3333333333333333,3.0,0.4444444444444444,3.0
2025_04_CIN_DEN,2025,4,REG,DEN,CIN,28.0,3.0,1,0,1.0,0.5714285714285714,0.0,0.18181818181818182,-1.0
2025_05_SF_LA,2025,5,REG,LA,SF,23.0,26.0,0,0,2.0,0.4,0.0,0.3888888888888889,-2.0
2025_05_MIN_CLE,2025,5,REG,CLE,MIN,17.0,21.0,0,0,0.0,0.2,2.0,0.3333333333333333,2.0
2025_05_HOU_BAL,2025,5,REG,BAL,HOU,10.0,44.0,0,0,3.0,0.375,0.0,0.5833333333333334,-3.0
2025_05_MIA_CAR,2025,5,REG,CAR,MIA,27.0,24.0,1,0,2.0,0.45454545454545453,0.0,0.38461538461538464,-2.0
2025_05_LV_IND,2025,5,REG,IND,LV,40.0,6.0,1,0,0.0,0.8,2.0,0.5714285714285714,2.0
2025_05_NYG_NO,2025,5,REG,NO,NYG,26.0,14.0,1,0,0.0,0.4666666666666667,5.0,0.3,5.0
2025_05_DAL_NYJ,2025,5,REG,NYJ,DAL,22.0,37.0,0,0,1.0,0.4375,0.0,0.46153846153846156,-1.0
2025_05_DEN_PHI,2025,5,REG,PHI,DEN,17.0,21.0,0,0,0.0,0.18181818181818182,0.0,0.3125,0.0
2025_05_TEN_ARI,2025,5,REG,ARI,TEN,21.0,22.0,0,0,2.0,0.4375,3.0,0.3333333333333333,1.0
2025_05_TB_SEA,2025,5,REG,SEA,TB,35.0,38.0,0,0,2.0,0.6666666666666666,0.0,0.6363636363636364,-2.0
2025_05_DET_CIN,2025,5,REG,CIN,DET,24.0,37.0,0,0,3.0,0.36363636363636365,1.0,0.25,-2.0
2025_05_WAS_LAC,2025,5,REG,LAC,WAS,10.0,27.0,0,0,2.0,0.5625,1.0,0.2857142857142857,-1.0
2025_05_NE_BUF,2025,5,REG,BUF,NE,20.0,23.0,0,0,3.0,0.5555555555555556,1.0,0.3333333333333333,-2.0
2025_05_KC_JAX,2025,5,REG,JAX,KC,31.0,28.0,1,0,2.0,0.5555555555555556,1.0,0.5555555555555556,-1.0
2025_06_PHI_NYG,2025,6,REG,NYG,PHI,34.0,17.0,1,0,0.0,0.6875,2.0,0.1111111111111111,2.0
2025_06_DEN_NYJ,2025,6,REG,NYJ,DEN,11.0,13.0,0,0,0.0,0.13333333333333333,1.0,0.3333333333333333,1.0
2025_06_LA_BAL,2025,6,REG,BAL,LA,3.0,17.0,0,0,3.0,0.4117647058823529,1.0,0.4,-2.0
2025_06_DAL_CAR,2025,6,REG,CAR,DAL,30.0,27.0,1,0,1.0,0.375,0.0,0.4166666666666667,-1.0
2025_06_ARI_IND,2025,6,REG,IND,ARI,31.0,27.0,1,0,1.0,0.5,1.0,0.6428571428571429,0.0
2025_06_SEA_JAX,2025,6,REG,JAX,SEA,12.0,20.0,0,0,0.0,0.25,0.0,0.08333333333333333,0.0
2025_06_LAC_MIA,2025,6,REG,MIA,LAC,27.0,29.0,0,0,3.0,0.45454545454545453,1.0,0.4,-2.0
2025_06_NE_NO,2025,6,REG,NO,NE,19.0,25.0,0,0,1.0,0.3333333333333333,0.0,0.46153846153846156,-1.0
2025_06_CLE_PIT,2025,6,REG,PIT,CLE,23.0,9.0,1,0,0.0,0.38461538461538464,0.0,0.35294117647058826,0.0
2025_06_TEN_LV,2025,6,REG,LV,TEN,20.0,10.0,1,0,1.0,0.46153846153846156,3.0,0.23076923076923078,2.0
2025_06_CIN_GB,2025,6,REG,GB,CIN,27.0,18.0,1,0,1.0,0.45454545454545453,0.0,0.4,-1.0
2025_06_SF_TB,2025,6,REG,TB,SF,30.0,19.0,1,0,0.0,0.375,2.0,0.4375,2.0
2025_06_DET_KC,2025,6,REG,KC,DET,30.0,17.0,1,0,0.0,0.4,0.0,0.45454545454545453,0.0
2025_06_BUF_ATL,2025,6,REG,ATL,BUF,24.0,14.0,1,0,0.0,0.4166666666666667,2.0,0.2222222222222222,2.0
2025_06_CHI_WAS,2025,6,REG,WAS,CHI,24.0,25.0,0,0,3.0,0.375,0.0,0.3,-3.0
2025_07_PIT_CIN,2025,7,REG,CIN,PIT,33.0,31.0,1,0,0.0,0.5,2.0,0.7,2.0
2025_07_LA_JAX,2025,7,REG,JAX,LA,7.0,35.0,0,0,0.0,0.2,0.0,0.2,0.0
2025_07_NO_CHI,2025,7,REG,CHI,NO,26.0,14.0,1,0,1.0,0.25,4.0,0.3,3.0
2025_07_MIA_CLE,2025,7,REG,CLE,MIA,31.0,6.0,1,0,0.0,0.36363636363636365,4.0,0.07692307692307693,4.0
2025_07_LV_KC,2025,7,REG,KC,LV,31.0,0.0,1,0,0.0,0.6,1.0,0.0,1.0
2025_07_PHI_MIN,2025,7,REG,MIN,PHI,22.0,28.0,0,0,2.0,0.4666666666666667,0.0,0.3,-2.0
2025_07_CAR_NYJ,2025,7,REG,NYJ,CAR,6.0,13.0,0,0,2.0,0.4666666666666667,0.0,0.29411764705882354,-2.0
2025_07_NE_TEN,2025,7,REG,TEN,NE,13.0,31.0,0,0,2.0,0.3,0.0,0.4166666666666667,-2.0
2025_07_NYG_DEN,2025,7,REG,DEN,NYG,33.0,32.0,1,0,0.0,0.3076923076923077,1.0,0.4,1.0
2025_07_IND_LAC,2025,7,REG,LAC,IND,24.0,38.0,0,0,2.0,0.5,0.0,0.45454545454545453,-2.0
2025_07_GB_ARI,2025,7,REG,ARI,GB,23.0,27.0,0,0,1.0,0.5,0.0,0.3,-1.0
2025_07_WAS_DAL,2025,7,REG,DAL,WAS,44.0,22.0,1,0,0.0,0.5,2.0,0.4375,2.0
2025_07_ATL_SF,2025,7,REG,SF,ATL,20.0,10.0,1,0,1.0,0.6,1.0,0.45454545454545453,0.0
2025_07_TB_DET,2025,7,REG,DET,TB,24.0,9.0,1,0,2.0,0.23076923076923078,2.0,0.25,0.0
2025_07_HOU_SEA,2025,7,REG,SEA,HOU,27.0,19.0,1,0,4.0,0.14285714285714285,1.0,0.13333333333333333,-3.0
2025_08_MIN_LAC,2025,8,REG,LAC,MIN,37.0,10.0,1,0,1.0,0.6923076923076923,1.0,0.2727272727272727,0.0
2025_08_MIA_ATL,2025,8,REG,ATL,MIA,10.0,34.0,0,0,1.0,0.18181818181818182,0.0,0.46153846153846156,-1.0
2025_08_CHI_BAL,2025,8,REG,BAL,CHI,30.0,16.0,1,0,0.0,0.4,1.0,0.46153846153846156,1.0
2025_08_BUF_CAR,2025,8,REG,CAR,BUF,9.0,40.0,0,0,3.0,0.36363636363636365,0.0,0.5833333333333334,-3.0
2025_08_NYJ_CIN,2025,8,REG,CIN,NYJ,38.0,39.0,0,0,0.0,0.4444444444444444,0.0,0.4666666666666667,0.0
2025_08_SF_HOU,2025,8,REG,HOU,SF,26.0,15.0,1,0,1.0,0.5625,1.0,0.3333333333333333,0.0
2025_08_CLE_NE,2025,8,REG,NE,CLE,32.0,13.0,1,0,2.0,0.2727272727272727,2.0,0.18181818181818182,0.0
2025_08_NYG_PHI,2025,8,REG,PHI,NYG,38.0,20.0,1,0,0.0,0.25,0.0,0.4166666666666667,0.0
2025_08_TB_NO,2025,8,REG,NO,TB,3.0,23.0,0,0,4.0,0.5,1.0,0.23076923076923078,-3.0
2025_08_DAL_DEN,2025,8,REG,DEN,DAL,44.0,24.0,1,0,1.0,0.625,2.0,0.36363636363636365,1.0
2025_08_TEN_IND,2025,8,REG,IND,TEN,38.0,14.0,1,0,0.0,0.3333333333333333,1.0,0.4,1.0
2025_08_GB_PIT,2025,8,REG,PIT,GB,25.0,35.0,0,0,1.0,0.1,0.0,0.4166666666666667,-1.0
2025_08_WAS_KC,2025,8,REG,KC,WAS,28.0,7.0,1,0,2.0,0.4,2.0,0.5833333333333334,0.0
2025_09_BAL_MIA,2025,9,REG,MIA,BAL,6.0,28.0,0,0,3.0,0.16666666666666666,0.0,0.38461538461538464,-3.0
2025_09_CHI_CIN,2025,9,REG,CIN,CHI,42.0,47.0,0,0,3.0,0.5,0.0,0.5333333333333333,-3.0
2025_09_MIN_DET,2025,9,REG,DET,MIN,24.0,27.0,0,0,1.0,0.29411764705882354,1.0,0.3333333333333333,0.0
2025_09_CAR_GB,2025,9,REG,GB,CAR,13.0,16.0,0,0,2.0,0.5384615384615384,1.0,0.4,-1.0
2025_09_DEN_HOU,2025,9,REG,HOU,DEN,15.0,18.0,0,0,1.0,0.17647058823529413,1.0,0.4,0.0
2025_09_ATL_NE,2025,9,REG,NE,ATL,24.0,23.0,1,0,2.0,0.6666666666666666,0.0,0.1,-2.0
2025_09_SF_NYG,2025,9,REG,NYG,SF,24.0,34.0,0,0,0.0,0.4166666666666667,1.0,0.5454545454545454,1.0
2025_09_IND_PIT,2025,9,REG,PIT,IND,27.0,20.0,1,0,2.0,0.3333333333333333,5.0,0.42857142857142855,3.0
2025_09_LAC_TEN,2025,9,REG,TEN,LAC,20.0,27.0,0,0,0.0,0.1111111111111111,1.0,0.5384615384615384,1.0
2025_09_NO_LA,2025,9,REG,LA,NO,34.0,10.0,1,0,0.0,0.5,2.0,0.2222222222222222,2.0
2025_09_JAX_LV,2025,9,REG,LV,JAX,29.0,30.0,0,0,1.0,0.7,1.0,0.5625,0.0
2025_09_KC_BUF,2025,9,REG,BUF,KC,28.0,21.0,1,0,0.0,0.5833333333333334,1.0,0.23076923076923078,1.0
2025_09_SEA_WAS,2025,9,REG,WAS,SEA,14.0,38.0,0,0,2.0,0.46153846153846156,1.0,0.6363636363636364,-1.0
2025_09_ARI_DAL,2025,9,REG,DAL,ARI,17.0,27.0,0,0,3.0,0.4166666666666667,0.0,0.5384615384615384,-3.0
2025_10_LV_DEN,2025,10,REG,DEN,LV,10.0,7.0,1,0,2.0,0.3333333333333333,1.0,0.26666666666666666,-1.0
2025_10_ATL_IND,2025,10,REG,IND,ATL,31.0,25.0,1,0,2.0,0.16666666666666666,1.0,0.0,-1.0
2025_10_NO_CAR,2025,10,REG,CAR,NO,7.0,17.0,0,0,3.0,0.3333333333333333,0.0,0.47058823529411764,-3.0
2025_10_NYG_CHI,2025,10,REG,CHI,NYG,24.0,20.0,1,0,0.0,0.2727272727272727,1.0,0.35714285714285715,1.0
2025_10_JAX_HOU,2025,10,REG,HOU,JAX,36.0,29.0,1,0,2.0,0.6666666666666666,2.0,0.36363636363636365,0.0
2025_10_BUF_MIA,2025,10,REG,MIA,BUF,30.0,13.0,1,0,2.0,0.3333333333333333,3.0,0.3333333333333333,1.0
2025_10_BAL_MIN,2025,10,REG,MIN,BAL,19.0,27.0,0,0,3.0,0.21428571428571427,0.0,0.4,-3.0
2025_10_CLE_NYJ,2025,10,REG,NYJ,CLE,27.0,20.0,1,0,1.0,0.2727272727272727,0.0,0.375,-1.0
2025_10_NE_TB,2025,10,REG,TB,NE,23.0,28.0,0,0,0.0,0.38461538461538464,1.0,0.35714285714285715,1.0
2025_10_ARI_SEA,2025,10,REG,SEA,ARI,44.0,22.0,1,0,3.0,0.6,2.0,0.375,-1.0
2025_10_LA_SF,2025,10,REG,SF,LA,26.0,42.0,0,0,2.0,0.375,0.0,0.5555555555555556,-2.0
2025_10_DET_WAS,2025,10,REG,WAS,DET,22.0,44.0,0,0,0.0,0.2,0.0,0.5,0.0
2025_10_PIT_LAC,2025,10,REG,LAC,PIT,25.0,10.0,1,0,1.0,0.35294117647058826,2.0,0.18181818181818182,1.0
2025_10_PHI_GB,2025,10,REG,GB,PHI,7.0,10.0,0,0,2.0,0.38461538461538464,1.0,0.4375,-1.0
2025_11_NYJ_NE,2025,11,REG,NE,NYJ,27.0,14.0,1,0,0.0,0.5,1.0,0.5714285714285714,1.0
2025_11_WAS_MIA,2025,11,REG,MIA,WAS,16.0,13.0,1,0,1.0,0.3333333333333333,1.0,0.46153846153846156,0.0
2025_11_CAR_ATL,2025,11,REG,ATL,CAR,27.0,30.0,0,0,1.0,0.36363636363636365,0.0,0.35294117647058826,-1.0
2025_11_TB_BUF,2025,11,REG,BUF,TB,44.0,32.0,1,0,2.0,0.5454545454545454,3.0,0.5625,1.0
2025_11_LAC_JAX,2025,11,REG,JAX,LAC,35.0,6.0,1,0,1.0,0.5,1.0,0.25,0.0
2025_11_CHI_MIN,2025,11,REG,MIN,CHI,17.0,19.0,0,0,2.0,0.2727272727272727,0.0,0.3888888888888889,-2.0
2025_11_GB_NYG,2025,11,REG,NYG,GB,20.0,27.0,0,0,2.0,0.5,0.0,0.6363636363636364,-2.0
2025_11_CIN_PIT,2025,11,REG,PIT,CIN,34.0,12.0,1,0,0.0,0.5384615384615384,2.0,0.4666666666666667,2.0
2025_11_HOU_TEN,2025,11,REG,TEN,HOU,13.0,16.0,0,0,1.0,0.4,0.0,0.3076923076923077,-1.0
2025_11_SF_ARI,2025,11,REG,ARI,SF,22.0,41.0,0,0,3.0,0.42857142857142855,0.0,0.3333333333333333,-3.0
2025_11_SEA_LA,2025,11,REG,LA,SEA,21.0,19.0,1,0,1.0,0.18181818181818182,4.0,0.4375,3.0
2025_11_BAL_CLE,2025,11,REG,CLE,BAL,16.0,23.0,0,0,2.0,0.14285714285714285,2.0,0.38461538461538464,0.0
2025_11_KC_DEN,2025,11,REG,DEN,KC,22.0,19.0,1,0,0.0,0.4666666666666667,1.0,0.38461538461538464,1.0
2025_11_DET_PHI,2025,11,REG,PHI,DET,16.0,9.0,1,0,0.0,0.26666666666666666,1.0,0.23076923076923078,1.0
2025_11_DAL_LV,2025,11,REG,LV,DAL,16.0,33.0,0,0,1.0,0.25,1.0,0.4,0.0
2025_12_BUF_HOU,2025,12,REG,HOU,BUF,23.0,19.0,1,0,0.0,0.16666666666666666,3.0,0.3125,3.0
2025_12_NYJ_BAL,2025,12,REG,BAL,NYJ,23.0,10.0,1,0,0.0,0.18181818181818182,2.0,0.36363636363636365,2.0
2025_12_PIT_CHI,2025,12,REG,CHI,PIT,31.0,28.0,1,0,2.0,0.5384615384615384,2.0,0.5714285714285714,0.0
2025_12_NE_CIN,2025,12,REG,CIN,NE,20.0,26.0,0,0,1.0,0.23076923076923078,1.0,0.38461538461538464,0.0
2025_12_NYG_DET,2025,12,REG,DET,NYG,34.0,27.0,1,0,1.0,0.4166666666666667,1.0,0.5,0.0
2025_12_MIN_GB,2025,12,REG,GB,MIN,23.0,6.0,1,0,1.0,0.5,2.0,0.2222222222222222,1.0
2025_12_IND_KC,2025,12,REG,KC,IND,23.0,20.0,1,0,2.0,0.4375,0.0,0.38461538461538464,-2.0
2025_12_SEA_TEN,2025,12,REG,TEN,SEA,24.0,30.0,0,0,0.0,0.35294117647058826,0.0,0.2857142857142857,0.0
2025_12_JAX_ARI,2025,12,REG,ARI,JAX,24.0,27.0,0,0,0.0,0.3125,4.0,0.2727272727272727,4.0
2025_12_CLE_LV,2025,12,REG,LV,CLE,10.0,24.0,0,0,1.0,0.23529411764705882,2.0,0.25,1.0
2025_12_PHI_DAL,2025,12,REG,DAL,PHI,24.0,21.0,1,0,3.0,0.4166666666666667,1.0,0.4166666666666667,-2.0
2025_12_ATL_NO,2025,12,REG,NO,ATL,10.0,24.0,0,0,2.0,0.3125,1.0,0.25,-1.0
2025_12_TB_LA,2025,12,REG,LA,TB,34.0,7.0,1,0,0.0,0.4,2.0,0.4117647058823529,2.0
2025_12_CAR_SF,2025,12,REG,SF,CAR,20.0,9.0,1,0,3.0,0.5384615384615384,2.0,0.14285714285714285,-1.0
2025_13_GB_DET,2025,13,REG,DET,GB,24.0,31.0,0,0,0.0,0.6153846153846154,0.0,0.5,0.0
2025_13_KC_DAL,2025,13,REG,DAL,KC,31.0,28.0,1,0,1.0,0.5625,0.0,0.38461538461538464,-1.0
2025_13_CIN_BAL,2025,13,REG,BAL,CIN,14.0,32.0,0,0,5.0,0.3,1.0,0.42105263157894735,-4.0
2025_13_CHI_PHI,2025,13,REG,PHI,CHI,15.0,24.0,0,0,2.0,0.3333333333333333,1.0,0.5882352941176471,-1.0
2025_13_LA_CAR,2025,13,REG,CAR,LA,31.0,28.0,1,0,0.0,0.4666666666666667,3.0,0.4,3.0
2025_13_SF_CLE,2025,13,REG,CLE,SF,8.0,26.0,0,0,1.0,0.2727272727272727,1.0,0.6470588235294118,0.0
2025_13_HOU_IND,2025,13,REG,IND,HOU,16.0,20.0,0,0,0.0,0.3,1.0,0.46153846153846156,1.0
2025_13_NO_MIA,2025,13,REG,MIA,NO,21.0,17.0,1,0,1.0,0.3333333333333333,2.0,0.3333333333333333,1.0
2025_13_ATL_NYJ,2025,13,REG,NYJ,ATL,27.0,24.0,1,0,1.0,0.4375,0.0,0.3333333333333333,-1.0
2025_13_ARI_TB,2025,13,REG,TB,ARI,20.0,17.0,1,0,0.0,0.4375,2.0,0.375,2.0
2025_13_JAX_TEN,2025,13,REG,TEN,JAX,3.0,25.0,0,0,2.0,0.16666666666666666,0.0,0.23076923076923078,-2.0
2025_13_MIN_SEA,2025,13,REG,SEA,MIN,26.0,0.0,1,0,1.0,0.4,6.0,0.2,5.0
2025_13_LV_LAC,2025,13,REG,LAC,LV,31.0,14.0,1,0,1.0,0.7058823529411765,1.0,0.25,0.0
2025_13_BUF_PIT,2025,13,REG,PIT,BUF,7.0,26.0,0,0,2.0,0.3333333333333333,2.0,0.5333333333333333,0.0
2025_13_DEN_WAS,2025,13,REG,WAS,DEN,26.0,27.0,0,0,1.0,0.47058823529411764,1.0,0.4666666666666667,0.0
2025_13_NYG_NE,2025,13,REG,NE,NYG,33.0,15.0,1,0,0.0,0.46153846153846156,1.0,0.36363636363636365,1.0
2025_14_DAL_DET,2025,14,REG,DET,DAL,44.0,30.0,1,0,0.0,0.375,3.0,0.4,3.0
2025_14_SEA_ATL,2025,14,REG,ATL,SEA,9.0,37.0,0,0,3.0,0.07692307692307693,1.0,0.46153846153846156,-2.0
2025_14_PIT_BAL,2025,14,REG,BAL,PIT,22.0,27.0,0,0,1.0,0.3888888888888889,0.0,0.42857142857142855,-1.0
2025_14_TEN_CLE,2025,14,REG,CLE,TEN,29.0,31.0,0,0,2.0,0.42857142857142855,1.0,0.35294117647058826,-1.0
2025_14_CHI_GB,2025,14,REG,GB,CHI,28.0,21.0,1,0,1.0,0.6666666666666666,1.0,0.5,0.0
2025_14_IND_JAX,2025,14,REG,JAX,IND,36.0,19.0,1,0,1.0,0.4666666666666667,3.0,0.5454545454545454,2.0
2025_14_WAS_MIN,2025,14,REG,MIN,WAS,31.0,0.0,1,0,0.0,0.5454545454545454,3.0,0.3,3.0
2025_14_MIA_NYJ,2025,14,REG,NYJ,MIA,10.0,34.0,0,0,3.0,0.08333333333333333,0.0,0.2,-3.0
2025_14_NO_TB,2025,14,REG,TB,NO,20.0,24.0,0,0,1.0,0.23076923076923078,1.0,0.45454545454545453,0.0
2025_14_DEN_LV,2025,14,REG,LV,DEN,17.0,24.0,0,0,0.0,0.3333333333333333,0.0,0.5833333333333334,0.0
2025_14_LA_ARI,2025,14,REG,ARI,LA,17.0,45.0,0,0,1.0,0.3333333333333333,0.0,0.375,-1.0
2025_14_CIN_BUF,2025,14,REG,BUF,CIN,39.0,34.0,1,0,1.0,0.5454545454545454,2.0,0.8333333333333334,1.0
2025_14_HOU_KC,2025,14,REG,KC,HOU,10.0,20.0,0,0,3.0,0.2857142857142857,0.0,0.4444444444444444,-3.0
2025_14_PHI_LAC,2025,14,REG,LAC,PHI,22.0,19.0,1,0,2.0,0.3684210526315789,5.0,0.3076923076923077,3.0
2025_15_ATL_TB,2025,15,REG,TB,ATL,28.0,29.0,0,0,1.0,0.4444444444444444,1.0,0.45454545454545453,0.0
2025_15_CLE_CHI,2025,15,REG,CHI,CLE,31.0,3.0,1,0,0.0,0.38461538461538464,3.0,0.2857142857142857,3.0
2025_15_BAL_CIN,2025,15,REG,CIN,BAL,0.0,24.0,0,0,2.0,0.2,1.0,0.2857142857142857,-1.0
2025_15_ARI_HOU,2025,15,REG,HOU,ARI,40.0,20.0,1,0,0.0,0.5384615384615384,2.0,0.4166666666666667,2.0
2025_15_NYJ_JAX,2025,15,REG,JAX,NYJ,48.0,20.0,1,0,1.0,0.4444444444444444,3.0,0.5333333333333333,2.0
2025_15_LAC_KC,2025,15,REG,KC,LAC,13.0,16.0,0,0,2.0,0.46153846153846156,1.0,0.35714285714285715,-1.0
2025_15_BUF_NE,2025,15,REG,NE,BUF,31.0,35.0,0,0,1.0,0.5,0.0,0.5714285714285714,-1.0
2025_15_WAS_NYG,2025,15,REG,NYG,WAS,21.0,29.0,0,0,1.0,0.16666666666666666,2.0,0.2727272727272727,1.0
2025_15_LV_PHI,2025,15,REG,PHI,LV,31.0,0.0,1,0,0.0,0.7692307692307693,1.0,0.25,1.0
2025_15_GB_DEN,2025,15,REG,DEN,GB,34.0,26.0,1,0,1.0,0.36363636363636365,2.0,0.46153846153846156,1.0
2025_15_DET_LA,2025,15,REG,LA,DET,41.0,34.0,1,0,1.0,0.2222222222222222,0.0,0.35714285714285715,-1.0
2025_15_CAR_NO,2025,15,REG,NO,CAR,20.0,17.0,1,0,0.0,0.5454545454545454,1.0,0.5,1.0
2025_15_IND_SEA,2025,15,REG,SEA,IND,18.0,16.0,1,0,0.0,0.15384615384615385,1.0,0.38461538461538464,1.0
2025_15_TEN_SF,2025,15,REG,SF,TEN,37.0,24.0,1,0,1.0,0.6,0.0,0.3333333333333333,-1.0
2025_15_MIN_DAL,2025,15,REG,DAL,MIN,26.0,34.0,0,0,0.0,0.16666666666666666,1.0,0.2222222222222222,1.0
2025_15_MIA_PIT,2025,15,REG,PIT,MIA,28.0,15.0,1,0,0.0,0.3076923076923077,1.0,0.25,1.0
2025_16_LA_SEA,2025,16,REG,SEA,LA,38.0,37.0,1,0,3.0,0.36363636363636365,0.0,0.4,-3.0
2025_16_GB_CHI,2025,16,REG,CHI,GB,22.0,16.0,1,0,0.0,0.18181818181818182,1.0,0.5,1.0
2025_16_PHI_WAS,2025,16,REG,WAS,PHI,18.0,29.0,0,0,1.0,0.2,1.0,0.4444444444444444,0.0
2025_16_NE_BAL,2025,16,REG,BAL,NE,24.0,28.0,0,0,2.0,0.6363636363636364,2.0,0.3333333333333333,0.0
2025_16_TB_CAR,2025,16,REG,CAR,TB,23.0,20.0,1,0,0.0,0.5,1.0,0.5714285714285714,1.0
2025_16_BUF_CLE,2025,16,REG,CLE,BUF,20.0,23.0,0,0,2.0,0.5714285714285714,0.0,0.25,-2.0
2025_16_LAC_DAL,2025,16,REG,DAL,LAC,17.0,34.0,0,0,1.0,0.4444444444444444,0.0,0.6363636363636364,-1.0
2025_16_NYJ_NO,2025,16,REG,NO,NYJ,29.0,6.0,1,0,1.0,0.47058823529411764,2.0,0.13333333333333333,1.0
2025_16_MIN_NYG,2025,16,REG,NYG,MIN,13.0,16.0,0,0,1.0,0.2,2.0,0.5833333333333334,1.0
2025_16_KC_TEN,2025,16,REG,TEN,KC,26.0,9.0,1,0,0.0,0.5294117647058824,0.0,0.1111111111111111,0.0
2025_16_ATL_ARI,2025,16,REG,ARI,ATL,19.0,26.0,0,0,1.0,0.5384615384615384,2.0,0.5,1.0
2025_16_JAX_DEN,2025,16,REG,DEN,JAX,20.0,34.0,0,0,2.0,0.35714285714285715,0.0,0.5333333333333333,-2.0
2025_16_PIT_DET,2025,16,REG,DET,PIT,24.0,29.0,0,0,0.0,0.4,1.0,0.5,1.0
2025_16_LV_HOU,2025,16,REG,HOU,LV,23.0,21.0,1,0,0.0,0.4666666666666667,1.0,0.42857142857142855,1.0
2025_16_CIN_MIA,2025,16,REG,MIA,CIN,21.0,45.0,0,0,3.0,0.2,0.0,0.5,-3.0
2025_16_SF_IND,2025,16,REG,IND,SF,27.0,48.0,0,0,2.0,0.5,1.0,0.6363636363636364,-1.0
2025_17_DAL_WAS,2025,17,REG,WAS,DAL,23.0,30.0,0,0,0.0,0.16666666666666666,0.0,0.4,0.0
2025_17_DET_MIN,2025,17,REG,MIN,DET,23.0,10.0,1,0,0.0,0.23076923076923078,6.0,0.35714285714285715,6.0
2025_17_DEN_KC,2025,17,REG,KC,DEN,13.0,20.0,0,0,0.0,0.36363636363636365,1.0,0.6111111111111112,1.0
2025_17_SEA_CAR,2025,17,REG,CAR,SEA,10.0,27.0,0,0,2.0,0.09090909090909091,2.0,0.5625,0.0
2025_17_ARI_CIN,2025,17,REG,CIN,ARI,37.0,14.0,1,0,0.0,0.6666666666666666,0.0,0.23076923076923078,0.0
2025_17_PIT_CLE,2025,17,REG,CLE,PIT,13.0,6.0,1,0,2.0,0.36363636363636365,0.0,0.2,-2.0
2025_17_BAL_GB,2025,17,REG,GB,BAL,24.0,41.0,0,0,2.0,0.5,0.0,0.7142857142857143,-2.0
2025_17_JAX_IND,2025,17,REG,IND,JAX,17.0,23.0,0,0,2.0,0.36363636363636365,2.0,0.5,0.0
2025_17_HOU_LAC,2025,17,REG,LAC,HOU,16.0,20.0,0,0,1.0,0.4,2.0,0.2727272727272727,1.0
2025_17_NYG_LV,2025,17,REG,LV,NYG,10.0,34.0,0,0,2.0,0.23076923076923078,0.0,0.46153846153846156,-2.0
2025_17_TB_MIA,2025,17,REG,MIA,TB,20.0,17.0,1,0,0.0,0.3333333333333333,3.0,0.46153846153846156,3.0
2025_17_NE_NYJ,2025,17,REG,NYJ,NE,10.0,42.0,0,0,1.0,0.3125,0.0,0.4444444444444444,-1.0
2025_17_NO_TEN,2025,17,REG,TEN,NO,26.0,34.0,0,0,1.0,0.3333333333333333,1.0,0.45454545454545453,0.0
2025_17_PHI_BUF,2025,17,REG,BUF,PHI,12.0,13.0,0,0,1.0,0.4,0.0,0.23076923076923078,-1.0
2025_17_CHI_SF,2025,17,REG,SF,CHI,42.0,38.0,1,0,1.0,0.7,0.0,0.5,-1.0
2025_17_LA_ATL,2025,17,REG,ATL,LA,27.0,24.0,1,0,0.0,0.38461538461538464,3.0,0.38461538461538464,3.0
2025_18_NO_ATL,2025,18,REG,ATL,NO,19.0,17.0,1,0,1.0,0.2857142857142857,2.0,0.3125,1.0
2025_18_NYJ_BUF,2025,18,REG,BUF,NYJ,35.0,8.0,1,0,0.0,0.46153846153846156,0.0,0.38461538461538464,0.0
2025_18_DET_CHI,2025,18,REG,CHI,DET,16.0,19.0,0,0,1.0,0.36363636363636365,1.0,0.46153846153846156,0.0
2025_18_CLE_CIN,2025,18,REG,CIN,CLE,18.0,20.0,0,0,2.0,0.45454545454545453,1.0,0.35714285714285715,-1.0
2025_18_LAC_DEN,2025,18,REG,DEN,LAC,19.0,3.0,1,0,0.0,0.3333333333333333,2.0,0.35,2.0
2025_18_IND_HOU,2025,18,REG,HOU,IND,38.0,30.0,1,0,0.0,0.3076923076923077,3.0,0.5333333333333333,3.0
2025_18_TEN_JAX,2025,18,REG,JAX,TEN,41.0,7.0,1,0,0.0,0.4444444444444444,1.0,0.2857142857142857,1.0
2025_18_ARI_LA,2025,18,REG,LA,ARI,37.0,20.0,1,0,0.0,0.5625,2.0,0.36363636363636365,2.0
2025_18_KC_LV,2025,18,REG,LV,KC,14.0,12.0,1,0,2.0,0.25,2.0,0.17647058823529413,0.0
2025_18_GB_MIN,2025,18,REG,MIN,GB,16.0,3.0,1,0,1.0,0.2,0.0,0.25,-1.0
2025_18_MIA_NE,2025,18,REG,NE,MIA,38.0,10.0,1,0,0.0,0.5,2.0,0.38461538461538464,2.0
2025_18_DAL_NYG,2025,18,REG,NYG,DAL,34.0,17.0,1,0,1.0,0.5714285714285714,2.0,0.25,1.0
2025_18_WAS_PHI,2025,18,REG,PHI,WAS,17.0,24.0,0,0,1.0,0.42857142857142855,2.0,0.5454545454545454,1.0
2025_18_BAL_PIT,2025,18,REG,PIT,BAL,26.0,24.0,1,0,0.0,0.5625,1.0,0.3333333333333333,1.0
2025_18_SEA_SF,2025,18,REG,SF,SEA,3.0,13.0,0,0,1.0,0.2222222222222222,0.0,0.46153846153846156,-1.0
2025_18_CAR_TB,2025,18,REG,TB,CAR,16.0,14.0,1,0,1.0,0.5333333333333333,3.0,0.125,2.0
2025_19_GB_CHI,2025,19,WC,CHI,GB,31.0,27.0,1,0,2.0,0.5263157894736842,0.0,0.4,-2.0
2025_19_BUF_JAX,2025,19,WC,JAX,BUF,24.0,27.0,0,0,2.0,0.5555555555555556,1.0,0.5,-1.0
2025_19_SF_PHI,2025,19,WC,PHI,SF,19.0,23.0,0,0,0.0,0.3125,2.0,0.5454545454545454,2.0
2025_19_LAC_NE,2025,19,WC,NE,LAC,16.0,3.0,1,0,2.0,0.36363636363636365,1.0,0.1,-1.0
2025_19_HOU_PIT,2025,19,WC,PIT,HOU,6.0,30.0,0,0,2.0,0.14285714285714285,3.0,0.6666666666666666,1.0
2025_19_LA_CAR,2025,19,WC,CAR,LA,31.0,34.0,0,0,1.0,0.4166666666666667,2.0,0.23076923076923078,1.0
2025_20_BUF_DEN,2025,20,DIV,DEN,BUF,33.0,30.0,1,0,1.0,0.5,5.0,0.6666666666666666,4.0
2025_20_SF_SEA,2025,20,DIV,SEA,SF,41.0,6.0,1,0,0.0,0.4,3.0,0.5,3.0
2025_20_LA_CHI,2025,20,DIV,CHI,LA,17.0,20.0,0,0,3.0,0.47368421052631576,0.0,0.3125,-3.0
2025_20_HOU_NE,2025,20,DIV,NE,HOU,28.0,16.0,1,0,3.0,0.21428571428571427,5.0,0.4117647058823529,2.0
2025_21_NE_DEN,2025,21,CON,DEN,NE,7.0,10.0,0,0,2.0,0.2857142857142857,0.0,0.3333333333333333,-2.0
2025_21_LA_SEA,2025,21,CON,SEA,LA,31.0,27.0,1,0,1.0,0.5384615384615384,0.0,0.125,-1.0
2025_22_SEA_NE,2025,22,SB,NE,SEA,13.0,29.0,0,0,3.0,0.4,0.0,0.25,-3.0
2023_01_DET_KC,2023,1,REG,DET,KC,21.0,20.0,1,0,1.0,0.3333333333333333,1.0,0.35714285714285715,0.0
2023_01_CAR_ATL,2023,1,REG,CAR,ATL,10.0,24.0,0,0,3.0,0.35714285714285715,0.0,0.2,-3.0
2023_01_HOU_BAL,2023,1,REG,HOU,BAL,9.0,25.0,0,0,1.0,0.3888888888888889,2.0,0.5333333333333333,1.0
2023_01_CIN_CLE,2023,1,REG,CIN,CLE,3.0,24.0,0,0,0.0,0.13333333333333333,2.0,0.2857142857142857,2.0
2023_01_JAX_IND,2023,1,REG,JAX,IND,31.0,21.0,1,0,2.0,0.25,3.0,0.16666666666666666,1.0
2023_01_TB_MIN,2023,1,REG,TB,MIN,20.0,17.0,1,0,0.0,0.35294117647058826,3.0,0.42857142857142855,3.0
2023_01_TEN_NO,2023,1,REG,TEN,NO,15.0,16.0,0,0,3.0,0.16666666666666666,2.0,0.4375,-1.0
2023_01_SF_PIT,2023,1,REG,SF,PIT,30.0,7.0,1,0,1.0,0.46153846153846156,2.0,0.3333333333333333,1.0
2023_01_ARI_WAS,2023,1,REG,ARI,WAS,16.0,20.0,0,0,2.0,0.2857142857142857,3.0,0.3333333333333333,1.0
2023_01_GB_CHI,2023,1,REG,GB,CHI,38.0,20.0,1,0,0.0,0.5625,2.0,0.23076923076923078,2.0
2023_01_LV_DEN,2023,1,REG,LV,DEN,17.0,16.0,1,0,1.0,0.45454545454545453,0.0,0.45454545454545453,-1.0
2023_01_MIA_LAC,2023,1,REG,MIA,LAC,36.0,34.0,1,0,2.0,0.4444444444444444,0.0,0.6,-2.0
2023_01_PHI_NE,2023,1,REG,PHI,NE,25.0,20.0,1,0,1.0,0.3076923076923077,2.0,0.3333333333333333,1.0
2023_01_LA_SEA,2023,1,REG,LA,SEA,30.0,13.0,1,0,0.0,0.6470588235294118,0.0,0.2222222222222222,0.0
2023_01_DAL_NYG,2023,1,REG,DAL,NYG,40.0,0.0,1,0,0.0,0.46153846153846156,3.0,0.3125,3.0
2023_01_BUF_NYJ,2023,1,REG,BUF,NYJ,16.0,22.0,0,0,4.0,0.38461538461538464,1.0,0.38461538461538464,-3.0
2023_02_MIN_PHI,2023,2,REG,MIN,PHI,28.0,34.0,0,0,3.0,0.6,2.0,0.42857142857142855,-1.0
2023_02_GB_ATL,2023,2,REG,GB,ATL,24.0,25.0,0,0,0.0,0.3333333333333333,1.0,0.4,1.0
2023_02_LV_BUF,2023,2,REG,LV,BUF,10.0,38.0,0,0,3.0,0.42857142857142855,0.0,0.5384615384615384,-3.0
2023_02_BAL_CIN,2023,2,REG,BAL,CIN,27.0,24.0,1,0,0.0,0.6428571428571429,1.0,0.6666666666666666,1.0
2023_02_SEA_DET,2023,2,REG,SEA,DET,37.0,31.0,1,0,0.0,0.45454545454545453,3.0,0.5454545454545454,3.0
2023_02_IND_HOU,2023,2,REG,IND,HOU,31.0,20.0,1,0,0.0,0.5,1.0,0.47368421052631576,1.0
2023_02_KC_JAX,2023,2,REG,KC,JAX,17.0,9.0,1,0,2.0,0.3076923076923077,2.0,0.25,0.0
2023_02_CHI_TB,2023,2,REG,CHI,TB,17.0,27.0,0,0,2.0,0.46153846153846156,0.0,0.5333333333333333,-2.0
2023_02_LAC_TEN,2023,2,REG,LAC,TEN,24.0,27.0,0,0,0.0,0.14285714285714285,0.0,0.46153846153846156,0.0
2023_02_NYG_ARI,2023,2,REG,NYG,ARI,31.0,28.0,1,0,1.0,0.5833333333333334,0.0,0.4,-1.0
2023_02_SF_LA,2023,2,REG,SF,LA,30.0,23.0,1,0,0.0,0.2222222222222222,2.0,0.5,2.0
2023_02_NYJ_DAL,2023,2,REG,NYJ,DAL,10.0,30.0,0,0,4.0,0.1,0.0,0.5,-4.0
2023_02_WAS_DEN,2023,2,REG,WAS,DEN,35.0,33.0,1,0,0.0,0.3,2.0,0.3333333333333333,2.0
2023_02_MIA_NE,2023,2,REG,MIA,NE,24.0,17.0,1,0,1.0,0.4,2.0,0.4666666666666667,1.0
2023_02_NO_CAR,2023,2,REG,NO,CAR,20.0,17.0,1,0,1.0,0.4375,1.0,0.2857142857142857,0.0
2023_02_CLE_PIT,2023,2,REG,CLE,PIT,22.0,26.0,0,0,4.0,0.3125,2.0,0.2857142857142857,-2.0
2023_03_NYG_SF,2023,3,REG,NYG,SF,12.0,30.0,0,0,1.0,0.25,0.0,0.5625,-1.0
2023_03_IND_BAL,2023,3,REG,IND,BAL,22.0,19.0,1,0,0.0,0.36363636363636365,2.0,0.375,2.0
2023_03_TEN_CLE,2023,3,REG,TEN,CLE,3.0,27.0,0,0,0.0,0.16666666666666666,1.0,0.46153846153846156,1.0
2023_03_ATL_DET,2023,3,REG,ATL,DET,6.0,20.0,0,0,1.0,0.2857142857142857,1.0,0.2857142857142857,0.0
2023_03_NO_GB,2023,3,REG,NO,GB,17.0,18.0,0,0,0.0,0.2857142857142857,1.0,0.4444444444444444,1.0
2023_03_HOU_JAX,2023,3,REG,HOU,JAX,37.0,17.0,1,0,0.0,0.6,2.0,0.38461538461538464,2.0
2023_03_DEN_MIA,2023,3,REG,DEN,MIA,20.0,70.0,0,0,3.0,0.25,0.0,0.5555555555555556,-3.0
2023_03_LAC_MIN,2023,3,REG,LAC,MIN,28.0,24.0,1,0,1.0,0.45454545454545453,2.0,0.2857142857142857,1.0
2023_03_NE_NYJ,2023,3,REG,NE,NYJ,15.0,10.0,1,0,0.0,0.42105263157894735,0.0,0.14285714285714285,0.0
2023_03_BUF_WAS,2023,3,REG,BUF,WAS,37.0,3.0,1,0,1.0,0.6,5.0,0.1111111111111111,4.0
2023_03_CAR_SEA,2023,3,REG,CAR,SEA,27.0,37.0,0,0,0.0,0.5263157894736842,1.0,0.23076923076923078,1.0
2023_03_DAL_ARI,2023,3,REG,DAL,ARI,16.0,28.0,0,0,1.0,0.5625,0.0,0.5,-1.0
2023_03_CHI_KC,2023,3,REG,CHI,KC,10.0,41.0,0,0,2.0,0.3333333333333333,2.0,0.7142857142857143,0.0
2023_03_PIT_LV,2023,3,REG,PIT,LV,23.0,18.0,1,0,0.0,0.4,3.0,0.3076923076923077,3.0
2023_03_PHI_TB,2023,3,REG,PHI,TB,25.0,11.0,1,0,2.0,0.625,2.0,0.5,0.0
2023_03_LA_CIN,2023,3,REG,LA,CIN,16.0,19.0,0,0,2.0,0.09090909090909091,1.0,0.29411764705882354,-1.0
2023_04_DET_GB,2023,4,REG,DET,GB,34.0,20.0,1,0,1.0,0.4117647058823529,2.0,0.2727272727272727,1.0
2023_04_ATL_JAX,2023,4,REG,ATL,JAX,7.0,23.0,0,0,3.0,0.5,0.0,0.35714285714285715,-3.0
2023_04_MIA_BUF,2023,4,REG,MIA,BUF,20.0,48.0,0,0,2.0,0.3,0.0,0.5,-2.0
2023_04_MIN_CAR,2023,4,REG,MIN,CAR,21.0,13.0,1,0,2.0,0.125,1.0,0.35714285714285715,-1.0
2023_04_DEN_CHI,2023,4,REG,DEN,CHI,31.0,28.0,1,0,0.0,0.5454545454545454,2.0,0.5,2.0
2023_04_BAL_CLE,2023,4,REG,BAL,CLE,28.0,3.0,1,0,1.0,0.3333333333333333,3.0,0.25,2.0
2023_04_PIT_HOU,2023,4,REG,PIT,HOU,6.0,30.0,0,0,1.0,0.42857142857142855,0.0,0.5,-1.0
2023_04_LA_IND,2023,4,REG,LA,IND,29.0,23.0,1,0,1.0,0.4,1.0,0.3,0.0
2023_04_TB_NO,2023,4,REG,TB,NO,26.0,9.0,1,0,1.0,0.5333333333333333,3.0,0.35714285714285715,2.0
2023_04_WAS_PHI,2023,4,REG,WAS,PHI,31.0,34.0,0,0,0.0,0.47058823529411764,0.0,0.3333333333333333,0.0
2023_04_CIN_TEN,2023,4,REG,CIN,TEN,3.0,27.0,0,0,1.0,0.2222222222222222,1.0,0.6153846153846154,0.0
2023_04_LV_LAC,2023,4,REG,LV,LAC,17.0,24.0,0,0,3.0,0.09090909090909091,1.0,0.35714285714285715,-2.0
2023_04_NE_DAL,2023,4,REG,NE,DAL,3.0,38.0,0,0,3.0,0.3076923076923077,0.0,0.5333333333333333,-3.0
2023_04_ARI_SF,2023,4,REG,ARI,SF,16.0,35.0,0,0,0.0,0.5333333333333333,0.0,0.6,0.0
2023_04_KC_NYJ,2023,4,REG,KC,NYJ,23.0,20.0,1,0,2.0,0.5833333333333334,1.0,0.4166666666666667,-1.0
2023_04_SEA_NYG,2023,4,REG,SEA,NYG,24.0,3.0,1,0,0.0,0.25,3.0,0.375,3.0
2023_05_CHI_WAS,2023,5,REG,CHI,WAS,40.0,20.0,1,0,0.0,0.4666666666666667,2.0,0.5,2.0
2023_05_JAX_BUF,2023,5,REG,JAX,BUF,25.0,20.0,1,0,2.0,0.5555555555555556,2.0,0.4166666666666667,0.0
2023_05_HOU_ATL,2023,5,REG,HOU,ATL,19.0,21.0,0,0,0.0,0.3076923076923077,2.0,0.5,2.0
2023_05_CAR_DET,2023,5,REG,CAR,DET,24.0,42.0,0,0,3.0,0.5,0.0,0.4,-3.0
2023_05_TEN_IND,2023,5,REG,TEN,IND,16.0,23.0,0,0,1.0,0.4166666666666667,0.0,0.6153846153846154,-1.0
2023_05_NYG_MIA,2023,5,REG,NYG,MIA,16.0,31.0,0,0,0.0,0.29411764705882354,3.0,0.375,3.0
2023_05_NO_NE,2023,5,REG,NO,NE,34.0,0.0,1,0,0.0,0.3333333333333333,3.0,0.07142857142857142,3.0
2023_05_BAL_PIT,2023,5,REG,BAL,PIT,10.0,17.0,0,0,4.0,0.35714285714285715,0.0,0.4,-4.0
2023_05_CIN_ARI,2023,5,REG,CIN,ARI,34.0,20.0,1,0,1.0,0.35714285714285715,3.0,0.36363636363636365,2.0
2023_05_PHI_LA,2023,5,REG,PHI,LA,23.0,14.0,1,0,1.0,0.7222222222222222,0.0,0.42857142857142855,-1.0
2023_05_NYJ_DEN,2023,5,REG,NYJ,DEN,31.0,21.0,1,0,2.0,0.25,3.0,0.4,1.0
2023_05_KC_MIN,2023,5,REG,KC,MIN,27.0,20.0,1,0,0.0,0.6,1.0,0.42857142857142855,1.0
2023_05_DAL_SF,2023,5,REG,DAL,SF,10.0,42.0,0,0,4.0,0.36363636363636365,1.0,0.5454545454545454,-3.0
2023_05_GB_LV,2023,5,REG,GB,LV,13.0,17.0,0,0,3.0,0.3333333333333333,1.0,0.38461538461538464,-2.0
2023_06_DEN_KC,2023,6,REG,DEN,KC,8.0,19.0,0,0,3.0,0.4,1.0,0.3076923076923077,-2.0
2023_06_BAL_TEN,2023,6,REG,BAL,TEN,24.0,16.0,1,0,2.0,0.5,1.0,0.1111111111111111,-1.0
2023_06_WAS_ATL,2023,6,REG,WAS,ATL,24.0,16.0,1,0,0.0,0.2,3.0,0.3333333333333333,3.0
2023_06_MIN_CHI,2023,6,REG,MIN,CHI,19.0,13.0,1,0,1.0,0.15384615384615385,3.0,0.42857142857142855,2.0
2023_06_SEA_CIN,2023,6,REG,SEA,CIN,13.0,17.0,0,0,2.0,0.4166666666666667,1.0,0.2727272727272727,-1.0
2023_06_SF_CLE,2023,6,REG,SF,CLE,17.0,19.0,0,0,1.0,0.25,2.0,0.23076923076923078,1.0
2023_06_NO_HOU,2023,6,REG,NO,HOU,13.0,20.0,0,0,1.0,0.4,2.0,0.36363636363636365,1.0
2023_06_IND_JAX,2023,6,REG,IND,JAX,20.0,37.0,0,0,4.0,0.35294117647058826,1.0,0.2857142857142857,-3.0
2023_06_CAR_MIA,2023,6,REG,CAR,MIA,21.0,42.0,0,0,0.0,0.35714285714285715,1.0,0.5384615384615384,1.0
2023_06_NE_LV,2023,6,REG,NE,LV,17.0,21.0,0,0,1.0,0.5,1.0,0.5,0.0
2023_06_ARI_LA,2023,6,REG,ARI,LA,9.0,26.0,0,0,3.0,0.375,0.0,0.3333333333333333,-3.0
2023_06_PHI_NYJ,2023,6,REG,PHI,NYJ,14.0,20.0,0,0,4.0,0.5,0.0,0.18181818181818182,-4.0
2023_06_DET_TB,2023,6,REG,DET,TB,20.0,6.0,1,0,0.0,0.5625,1.0,0.16666666666666666,1.0
2023_06_NYG_BUF,2023,6,REG,NYG,BUF,9.0,14.0,0,0,0.0,0.5263157894736842,2.0,0.5,2.0
2023_06_DAL_LAC,2023,6,REG,DAL,LAC,20.0,17.0,1,0,0.0,0.38461538461538464,2.0,0.35714285714285715,2.0
2023_07_JAX_NO,2023,7,REG,JAX,NO,31.0,24.0,1,0,1.0,0.18181818181818182,2.0,0.16666666666666666,1.0
2023_07_DET_BAL,2023,7,REG,DET,BAL,6.0,38.0,0,0,1.0,0.3125,1.0,0.5,0.0
2023_07_LV_CHI,2023,7,REG,LV,CHI,12.0,30.0,0,0,3.0,0.2222222222222222,0.0,0.6153846153846154,-3.0
2023_07_CLE_IND,2023,7,REG,CLE,IND,39.0,38.0,1,0,2.0,0.25,4.0,0.4666666666666667,2.0
2023_07_BUF_NE,2023,7,REG,BUF,NE,25.0,29.0,0,0,2.0,0.4166666666666667,1.0,0.4444444444444444,-1.0
2023_07_WAS_NYG,2023,7,REG,WAS,NYG,7.0,14.0,0,0,2.0,0.06666666666666667,1.0,0.3125,-1.0
2023_07_ATL_TB,2023,7,REG,ATL,TB,16.0,13.0,1,0,3.0,0.5384615384615384,2.0,0.5,-1.0
2023_07_PIT_LA,2023,7,REG,PIT,LA,24.0,17.0,1,0,0.0,0.3333333333333333,1.0,0.5625,1.0
2023_07_ARI_SEA,2023,7,REG,ARI,SEA,10.0,20.0,0,0,1.0,0.3333333333333333,2.0,0.5384615384615384,1.0
2023_07_GB_DEN,2023,7,REG,GB,DEN,17.0,19.0,0,0,1.0,0.42857142857142855,0.0,0.4166666666666667,-1.0
2023_07_LAC_KC,2023,7,REG,LAC,KC,17.0,31.0,0,0,2.0,0.42857142857142855,2.0,0.5454545454545454,0.0
2023_07_MIA_PHI,2023,7,REG,MIA,PHI,17.0,31.0,0,0,1.0,0.36363636363636365,2.0,0.3333333333333333,1.0
2023_07_SF_MIN,2023,7,REG,SF,MIN,17.0,22.0,0,0,3.0,0.5555555555555556,1.0,0.6153846153846154,-2.0
2023_08_TB_BUF,2023,8,REG,TB,BUF,18.0,24.0,0,0,0.0,0.26666666666666666,1.0,0.5384615384615384,1.0
2023_08_HOU_CAR,2023,8,REG,HOU,CAR,13.0,15.0,0,0,1.0,0.4166666666666667,0.0,0.35714285714285715,-1.0
2023_08_LA_DAL,2023,8,REG,LA,DAL,20.0,43.0,0,0,1.0,0.3076923076923077,1.0,0.5,0.0
2023_08_MIN_GB,2023,8,REG,MIN,GB,24.0,10.0,1,0,1.0,0.5555555555555556,1.0,0.35714285714285715,0.0
2023_08_NO_IND,2023,8,REG,NO,IND,38.0,27.0,1,0,1.0,0.5,1.0,0.4375,0.0
2023_08_NE_MIA,2023,8,REG,NE,MIA,17.0,31.0,0,0,1.0,0.1111111111111111,2.0,0.35714285714285715,1.0
2023_08_NYJ_NYG,2023,8,REG,NYJ,NYG,13.0,10.0,1,0,2.0,0.13333333333333333,0.0,0.10526315789473684,-2.0
2023_08_JAX_PIT,2023,8,REG,JAX,PIT,20.0,10.0,1,0,3.0,0.46153846153846156,2.0,0.25,-1.0
2023_08_ATL_TEN,2023,8,REG,ATL,TEN,23.0,28.0,0,0,1.0,0.26666666666666666,1.0,0.3333333333333333,0.0
2023_08_PHI_WAS,2023,8,REG,PHI,WAS,38.0,31.0,1,0,2.0,0.6153846153846154,1.0,0.5833333333333334,-1.0
2023_08_CLE_SEA,2023,8,REG,CLE,SEA,20.0,24.0,0,0,3.0,0.4,2.0,0.3333333333333333,-1.0
2023_08_BAL_ARI,2023,8,REG,BAL,ARI,31.0,24.0,1,0,0.0,0.36363636363636365,2.0,0.4166666666666667,2.0
2023_08_KC_DEN,2023,8,REG,KC,DEN,9.0,24.0,0,0,4.0,0.3,2.0,0.42857142857142855,-2.0
2023_08_CIN_SF,2023,8,REG,CIN,SF,31.0,17.0,1,0,1.0,0.375,3.0,0.5555555555555556,2.0
2023_08_CHI_LAC,2023,8,REG,CHI,LAC,13.0,30.0,0,0,2.0,0.42857142857142855,1.0,0.5384615384615384,-1.0
2023_08_LV_DET,2023,8,REG,LV,DET,14.0,26.0,0,0,1.0,0.1111111111111111,3.0,0.42857142857142855,2.0
2023_09_TEN_PIT,2023,9,REG,TEN,PIT,16.0,20.0,0,0,1.0,0.23076923076923078,0.0,0.5,-1.0
2023_09_MIA_KC,2023,9,REG,MIA,KC,14.0,21.0,0,0,1.0,0.25,1.0,0.3,0.0
2023_09_MIN_ATL,2023,9,REG,MIN,ATL,31.0,28.0,1,0,2.0,0.4375,2.0,0.5555555555555556,0.0
2023_09_SEA_BAL,2023,9,REG,SEA,BAL,3.0,37.0,0,0,2.0,0.08333333333333333,2.0,0.46153846153846156,0.0
2023_09_ARI_CLE,2023,9,REG,ARI,CLE,0.0,27.0,0,0,3.0,0.08333333333333333,0.0,0.35294117647058826,-3.0
2023_09_LA_GB,2023,9,REG,LA,GB,3.0,20.0,0,0,2.0,0.35714285714285715,2.0,0.5,0.0
2023_09_TB_HOU,2023,9,REG,TB,HOU,37.0,39.0,0,0,1.0,0.23076923076923078,1.0,0.2727272727272727,0.0
2023_09_WAS_NE,2023,9,REG,WAS,NE,20.0,17.0,1,0,2.0,0.5294117647058824,1.0,0.25,-1.0
2023_09_CHI_NO,2023,9,REG,CHI,NO,17.0,24.0,0,0,5.0,0.5,0.0,0.5,-5.0
2023_09_IND_CAR,2023,9,REG,IND,CAR,27.0,13.0,1,0,0.0,0.3076923076923077,4.0,0.4375,4.0
2023_09_NYG_LV,2023,9,REG,NYG,LV,6.0,30.0,0,0,2.0,0.25,0.0,0.35714285714285715,-2.0
2023_09_DAL_PHI,2023,9,REG,DAL,PHI,23.0,28.0,0,0,1.0,0.4,0.0,0.5,-1.0
2023_09_BUF_CIN,2023,9,REG,BUF,CIN,18.0,24.0,0,0,2.0,0.5833333333333334,0.0,0.5333333333333333,-2.0
2023_09_LAC_NYJ,2023,9,REG,LAC,NYJ,27.0,6.0,1,0,0.0,0.4375,3.0,0.17647058823529413,3.0
2023_10_CAR_CHI,2023,10,REG,CAR,CHI,13.0,16.0,0,0,0.0,0.2,0.0,0.4,0.0
2023_10_IND_NE,2023,10,REG,IND,NE,10.0,6.0,1,0,1.0,0.38461538461538464,2.0,0.42857142857142855,1.0
2023_10_CLE_BAL,2023,10,REG,CLE,BAL,33.0,31.0,1,0,1.0,0.5,3.0,0.25,2.0
2023_10_HOU_CIN,2023,10,REG,HOU,CIN,30.0,27.0,1,0,3.0,0.3076923076923077,2.0,0.42857142857142855,-1.0
2023_10_SF_JAX,2023,10,REG,SF,JAX,34.0,3.0,1,0,0.0,0.3333333333333333,4.0,0.3333333333333333,4.0
2023_10_NO_MIN,2023,10,REG,NO,MIN,19.0,27.0,0,0,2.0,0.2857142857142857,0.0,0.4,-2.0
2023_10_GB_PIT,2023,10,REG,GB,PIT,19.0,23.0,0,0,2.0,0.5,0.0,0.3076923076923077,-2.0
2023_10_TEN_TB,2023,10,REG,TEN,TB,6.0,20.0,0,0,1.0,0.4,1.0,0.4666666666666667,0.0
2023_10_ATL_ARI,2023,10,REG,ATL,ARI,23.0,25.0,0,0,0.0,0.5,1.0,0.2727272727272727,1.0
2023_10_DET_LAC,2023,10,REG,DET,LAC,41.0,38.0,1,0,0.0,0.3076923076923077,1.0,0.5,1.0
2023_10_NYG_DAL,2023,10,REG,NYG,DAL,17.0,49.0,0,0,1.0,0.0,2.0,0.5,1.0
2023_10_WAS_SEA,2023,10,REG,WAS,SEA,26.0,29.0,0,0,1.0,0.4666666666666667,0.0,0.2857142857142857,-1.0
2023_10_NYJ_LV,2023,10,REG,NYJ,LV,12.0,16.0,0,0,1.0,0.4375,2.0,0.3333333333333333,1.0
2023_10_DEN_BUF,2023,10,REG,DEN,BUF,24.0,22.0,1,0,1.0,0.42105263157894735,4.0,0.375,3.0
2023_11_CIN_BAL,2023,11,REG,CIN,BAL,20.0,34.0,0,0,0.0,0.18181818181818182,0.0,0.5,0.0
2023_11_DAL_CAR,2023,11,REG,DAL,CAR,33.0,10.0,1,0,0.0,0.4375,2.0,0.3333333333333333,2.0
2023_11_PIT_CLE,2023,11,REG,PIT,CLE,10.0,13.0,0,0,0.0,0.21428571428571427,1.0,0.23529411764705882,1.0
2023_11_CHI_DET,2023,11,REG,CHI,DET,26.0,31.0,0,0,1.0,0.38461538461538464,4.0,0.7272727272727273,3.0
2023_11_LAC_GB,2023,11,REG,LAC,GB,20.0,23.0,0,0,1.0,0.5,0.0,0.5,-1.0
2023_11_ARI_HOU,2023,11,REG,ARI,HOU,16.0,21.0,0,0,1.0,0.3,4.0,0.6923076923076923,3.0
2023_11_TEN_JAX,2023,11,REG,TEN,JAX,14.0,34.0,0,0,1.0,0.2857142857142857,1.0,0.3333333333333333,0.0
2023_11_LV_MIA,2023,11,REG,LV,MIA,13.0,20.0,0,0,3.0,0.2857142857142857,3.0,0.2727272727272727,0.0
2023_11_NYG_WAS,2023,11,REG,NYG,WAS,31.0,19.0,1,0,0.0,0.35714285714285715,6.0,0.38461538461538464,6.0
2023_11_TB_SF,2023,11,REG,TB,SF,14.0,27.0,0,0,2.0,0.5,0.0,0.4,-2.0
2023_11_NYJ_BUF,2023,11,REG,NYJ,BUF,6.0,32.0,0,0,4.0,0.0,1.0,0.38461538461538464,-3.0
2023_11_SEA_LA,2023,11,REG,SEA,LA,16.0,17.0,0,0,1.0,0.3333333333333333,1.0,0.2222222222222222,0.0
2023_11_MIN_DEN,2023,11,REG,MIN,DEN,20.0,21.0,0,0,3.0,0.4,0.0,0.16666666666666666,-3.0
2023_11_PHI_KC,2023,11,REG,PHI,KC,21.0,17.0,1,0,1.0,0.2727272727272727,2.0,0.47058823529411764,1.0
2023_12_GB_DET,2023,12,REG,GB,DET,29.0,22.0,1,0,0.0,0.45454545454545453,3.0,0.4666666666666667,3.0
2023_12_WAS_DAL,2023,12,REG,WAS,DAL,10.0,45.0,0,0,1.0,0.4666666666666667,0.0,0.6,-1.0
2023_12_SF_SEA,2023,12,REG,SF,SEA,31.0,13.0,1,0,2.0,0.45454545454545453,1.0,0.2727272727272727,-1.0
2023_12_MIA_NYJ,2023,12,REG,MIA,NYJ,34.0,13.0,1,0,3.0,0.6875,2.0,0.35714285714285715,-1.0
2023_12_NO_ATL,2023,12,REG,NO,ATL,15.0,24.0,0,0,2.0,0.42857142857142855,2.0,0.5,0.0
2023_12_PIT_CIN,2023,12,REG,PIT,CIN,16.0,10.0,1,0,1.0,0.47058823529411764,1.0,0.2,0.0
2023_12_JAX_HOU,2023,12,REG,JAX,HOU,24.0,21.0,1,0,1.0,0.5384615384615384,0.0,0.46153846153846156,-1.0
2023_12_TB_IND,2023,12,REG,TB,IND,20.0,27.0,0,0,2.0,0.38461538461538464,1.0,0.18181818181818182,-1.0
2023_12_NE_NYG,2023,12,REG,NE,NYG,7.0,10.0,0,0,3.0,0.2857142857142857,1.0,0.3076923076923077,-2.0
2023_12_CAR_TEN,2023,12,REG,CAR,TEN,10.0,17.0,0,0,1.0,0.375,0.0,0.18181818181818182,-1.0
2023_12_LA_ARI,2023,12,REG,LA,ARI,37.0,14.0,1,0,1.0,0.5,0.0,0.35294117647058826,-1.0
2023_12_CLE_DEN,2023,12,REG,CLE,DEN,12.0,29.0,0,0,3.0,0.15384615384615385,1.0,0.42857142857142855,-2.0
2023_12_KC_LV,2023,12,REG,KC,LV,31.0,17.0,1,0,0.0,0.45454545454545453,0.0,0.5,0.0
2023_12_BUF_PHI,2023,12,REG,BUF,PHI,34.0,37.0,0,0,1.0,0.5909090909090909,2.0,0.36363636363636365,1.0
2023_12_BAL_LAC,2023,12,REG,BAL,LAC,20.0,10.0,1,0,0.0,0.3076923076923077,4.0,0.4666666666666667,4.0
2023_12_CHI_MIN,2023,12,REG,CHI,MIN,12.0,10.0,1,0,2.0,0.4444444444444444,4.0,0.2222222222222222,2.0
2023_13_SEA_DAL,2023,13,REG,SEA,DAL,35.0,41.0,0,0,1.0,0.6428571428571429,0.0,0.5714285714285714,-1.0
2023_13_DEN_HOU,2023,13,REG,DEN,HOU,17.0,22.0,0,0,3.0,0.0,0.0,0.25,-3.0
2023_13_LAC_NE,2023,13,REG,LAC,NE,6.0,0.0,1,0,0.0,0.3333333333333333,1.0,0.2857142857142857,1.0
2023_13_DET_NO,2023,13,REG,DET,NO,33.0,28.0,1,0,0.0,0.46153846153846156,2.0,0.5,2.0
2023_13_ATL_NYJ,2023,13,REG,ATL,NYJ,13.0,8.0,1,0,0.0,0.2857142857142857,3.0,0.13333333333333333,3.0
2023_13_ARI_PIT,2023,13,REG,ARI,PIT,24.0,10.0,1,0,0.0,0.5882352941176471,1.0,0.36363636363636365,1.0
2023_13_IND_TEN,2023,13,REG,IND,TEN,31.0,28.0,1,0,1.0,0.21428571428571427,2.0,0.35294117647058826,1.0
2023_13_MIA_WAS,2023,13,REG,MIA,WAS,45.0,15.0,1,0,0.0,0.5384615384615384,1.0,0.42857142857142855,1.0
2023_13_CAR_TB,2023,13,REG,CAR,TB,18.0,21.0,0,0,1.0,0.2,1.0,0.4,0.0
2023_13_CLE_LA,2023,13,REG,CLE,LA,19.0,36.0,0,0,1.0,0.4375,0.0,0.3333333333333333,-1.0
2023_13_SF_PHI,2023,13,REG,SF,PHI,42.0,19.0,1,0,0.0,0.7272727272727273,0.0,0.5333333333333333,0.0
2023_13_KC_GB,2023,13,REG,KC,GB,19.0,27.0,0,0,1.0,0.6363636363636364,0.0,0.5,-1.0
2023_13_CIN_JAX,2023,13,REG,CIN,JAX,34.0,31.0,1,0,1.0,0.5714285714285714,0.0,0.4,-1.0
2023_14_NE_PIT,2023,14,REG,NE,PIT,21.0,18.0,1,0,1.0,0.3076923076923077,1.0,0.21428571428571427,0.0
2023_14_TB_ATL,2023,14,REG,TB,ATL,29.0,25.0,1,0,0.0,0.375,1.0,0.38461538461538464,1.0
2023_14_LA_BAL,2023,14,REG,LA,BAL,31.0,37.0,0,0,0.0,0.375,1.0,0.3333333333333333,1.0
2023_14_DET_CHI,2023,14,REG,DET,CHI,13.0,28.0,0,0,3.0,0.4,0.0,0.42857142857142855,-3.0
2023_14_IND_CIN,2023,14,REG,IND,CIN,14.0,34.0,0,0,1.0,0.2727272727272727,2.0,0.2727272727272727,1.0
2023_14_JAX_CLE,2023,14,REG,JAX,CLE,27.0,31.0,0,0,4.0,0.4117647058823529,3.0,0.2222222222222222,-1.0
2023_14_CAR_NO,2023,14,REG,CAR,NO,6.0,28.0,0,0,2.0,0.4,1.0,0.3,-1.0
2023_14_HOU_NYJ,2023,14,REG,HOU,NYJ,6.0,30.0,0,0,0.0,0.08333333333333333,1.0,0.4,1.0
2023_14_MIN_LV,2023,14,REG,MIN,LV,3.0,0.0,1,0,0.0,0.4,3.0,0.21428571428571427,3.0
2023_14_SEA_SF,2023,14,REG,SEA,SF,16.0,28.0,0,0,2.0,0.18181818181818182,2.0,0.5454545454545454,0.0
2023_14_BUF_KC,2023,14,REG,BUF,KC,20.0,17.0,1,0,1.0,0.4,2.0,0.5,1.0
2023_14_DEN_LAC,2023,14,REG,DEN,LAC,24.0,7.0,1,0,1.0,0.47058823529411764,2.0,0.0,1.0
2023_14_PHI_DAL,2023,14,REG,PHI,DAL,13.0,33.0,0,0,3.0,0.4444444444444444,1.0,0.5625,-2.0
2023_14_TEN_MIA,2023,14,REG,TEN,MIA,28.0,27.0,1,0,2.0,0.38461538461538464,2.0,0.3076923076923077,0.0
2023_14_GB_NYG,2023,14,REG,GB,NYG,22.0,24.0,0,0,3.0,0.35714285714285715,2.0,0.3,-1.0
2023_15_LAC_LV,2023,15,REG,LAC,LV,21.0,63.0,0,0,4.0,0.5,1.0,0.5625,-3.0
2023_15_MIN_CIN,2023,15,REG,MIN,CIN,24.0,27.0,0,0,2.0,0.4166666666666667,1.0,0.46153846153846156,-1.0
2023_15_PIT_IND,2023,15,REG,PIT,IND,13.0,30.0,0,0,3.0,0.3333333333333333,0.0,0.4,-3.0
2023_15_DEN_DET,2023,15,REG,DEN,DET,17.0,42.0,0,0,1.0,0.38461538461538464,0.0,0.5,-1.0
2023_15_ATL_CAR,2023,15,REG,ATL,CAR,7.0,9.0,0,0,2.0,0.46153846153846156,0.0,0.3333333333333333,-2.0
2023_15_CHI_CLE,2023,15,REG,CHI,CLE,17.0,20.0,0,0,2.0,0.2222222222222222,4.0,0.25,2.0
2023_15_TB_GB,2023,15,REG,TB,GB,34.0,20.0,1,0,1.0,0.6363636363636364,1.0,0.5,0.0
2023_15_NYJ_MIA,2023,15,REG,NYJ,MIA,0.0,30.0,0,0,4.0,0.38461538461538464,0.0,0.4,-4.0
2023_15_KC_NE,2023,15,REG,KC,NE,27.0,17.0,1,0,2.0,0.38461538461538464,1.0,0.16666666666666666,-1.0
2023_15_NYG_NO,2023,15,REG,NYG,NO,6.0,24.0,0,0,0.0,0.125,0.0,0.5,0.0
2023_15_HOU_TEN,2023,15,REG,HOU,TEN,19.0,16.0,1,0,1.0,0.26666666666666666,1.0,0.3333333333333333,0.0
2023_15_SF_ARI,2023,15,REG,SF,ARI,45.0,29.0,1,0,0.0,0.5714285714285714,2.0,0.4375,2.0
2023_15_WAS_LA,2023,15,REG,WAS,LA,20.0,28.0,0,0,1.0,0.21428571428571427,2.0,0.5625,1.0
2023_15_DAL_BUF,2023,15,REG,DAL,BUF,10.0,31.0,0,0,1.0,0.38461538461538464,0.0,0.5555555555555556,-1.0
2023_15_BAL_JAX,2023,15,REG,BAL,JAX,23.0,7.0,1,0,1.0,0.4166666666666667,2.0,0.23076923076923078,1.0
2023_15_PHI_SEA,2023,15,REG,PHI,SEA,17.0,20.0,0,0,2.0,0.5625,0.0,0.42857142857142855,-2.0
2023_16_NO_LA,2023,16,REG,NO,LA,22.0,30.0,0,0,1.0,0.45454545454545453,0.0,0.3333333333333333,-1.0
2023_16_CIN_PIT,2023,16,REG,CIN,PIT,11.0,34.0,0,0,3.0,0.46153846153846156,0.0,0.5,-3.0
2023_16_BUF_LAC,2023,16,REG,BUF,LAC,24.0,22.0,1,0,2.0,0.5,1.0,0.2857142857142857,-1.0
2023_16_IND_ATL,2023,16,REG,IND,ATL,10.0,29.0,0,0,1.0,0.35714285714285715,0.0,0.38461538461538464,-1.0
2023_16_GB_CAR,2023,16,REG,GB,CAR,33.0,30.0,1,0,0.0,0.5714285714285714,0.0,0.46153846153846156,0.0
2023_16_CLE_HOU,2023,16,REG,CLE,HOU,36.0,22.0,1,0,2.0,0.375,2.0,0.3333333333333333,0.0
2023_16_DET_MIN,2023,16,REG,DET,MIN,30.0,24.0,1,0,1.0,0.5,4.0,0.3333333333333333,3.0
2023_16_WAS_NYJ,2023,16,REG,WAS,NYJ,28.0,30.0,0,0,2.0,0.25,3.0,0.25,1.0
2023_16_SEA_TEN,2023,16,REG,SEA,TEN,20.0,17.0,1,0,0.0,0.5384615384615384,0.0,0.5,0.0
2023_16_JAX_TB,2023,16,REG,JAX,TB,12.0,30.0,0,0,4.0,0.3333333333333333,0.0,0.5263157894736842,-4.0
2023_16_ARI_CHI,2023,16,REG,ARI,CHI,16.0,27.0,0,0,0.0,0.4375,1.0,0.5333333333333333,1.0
2023_16_DAL_MIA,2023,16,REG,DAL,MIA,20.0,22.0,0,0,1.0,0.3333333333333333,0.0,0.46153846153846156,-1.0
2023_16_NE_DEN,2023,16,REG,NE,DEN,26.0,23.0,1,0,1.0,0.23076923076923078,2.0,0.3076923076923077,1.0
2023_16_LV_KC,2023,16,REG,LV,KC,20.0,14.0,1,0,0.0,0.25,2.0,0.3125,2.0
2023_16_NYG_PHI,2023,16,REG,NYG,PHI,25.0,33.0,0,0,1.0,0.2857142857142857,2.0,0.5333333333333333,1.0
2023_16_BAL_SF,2023,16,REG,BAL,SF,33.0,19.0,1,0,0.0,0.36363636363636365,5.0,0.42857142857142855,5.0
2023_17_NYJ_CLE,2023,17,REG,NYJ,CLE,20.0,37.0,0,0,2.0,0.375,3.0,0.5,1.0
2023_17_DET_DAL,2023,17,REG,DET,DAL,19.0,20.0,0,0,2.0,0.3076923076923077,2.0,0.5,0.0
2023_17_MIA_BAL,2023,17,REG,MIA,BAL,19.0,56.0,0,0,3.0,0.4,1.0,0.5714285714285714,-2.0
2023_17_NE_BUF,2023,17,REG,NE,BUF,21.0,27.0,0,0,4.0,0.4,1.0,0.4666666666666667,-3.0
2023_17_ATL_CHI,2023,17,REG,ATL,CHI,17.0,37.0,0,0,4.0,0.3076923076923077,0.0,0.375,-4.0
2023_17_TEN_HOU,2023,17,REG,TEN,HOU,3.0,26.0,0,0,1.0,0.08333333333333333,0.0,0.2727272727272727,-1.0
2023_17_LV_IND,2023,17,REG,LV,IND,20.0,23.0,0,0,0.0,0.3333333333333333,0.0,0.46153846153846156,0.0
2023_17_CAR_JAX,2023,17,REG,CAR,JAX,0.0,26.0,0,0,1.0,0.07692307692307693,0.0,0.4375,-1.0
2023_17_LA_NYG,2023,17,REG,LA,NYG,26.0,25.0,1,0,3.0,0.25,1.0,0.3125,-2.0
2023_17_ARI_PHI,2023,17,REG,ARI,PHI,35.0,31.0,1,0,1.0,0.5,1.0,0.4444444444444444,0.0
2023_17_NO_TB,2023,17,REG,NO,TB,23.0,13.0,1,0,0.0,0.4444444444444444,4.0,0.25,4.0
2023_17_SF_WAS,2023,17,REG,SF,WAS,27.0,10.0,1,0,0.0,0.4444444444444444,2.0,0.3333333333333333,2.0
2023_17_PIT_SEA,2023,17,REG,PIT,SEA,30.0,23.0,1,0,0.0,0.46153846153846156,1.0,0.3333333333333333,1.0
2023_17_LAC_DEN,2023,17,REG,LAC,DEN,9.0,16.0,0,0,1.0,0.18181818181818182,0.0,0.4117647058823529,-1.0
2023_17_CIN_KC,2023,17,REG,CIN,KC,17.0,25.0,0,0,0.0,0.5,1.0,0.25,1.0
2023_17_GB_MIN,2023,17,REG,GB,MIN,33.0,10.0,1,0,0.0,0.6428571428571429,3.0,0.3,3.0
2023_18_PIT_BAL,2023,18,REG,PIT,BAL,17.0,10.0,1,0,2.0,0.4,2.0,0.3076923076923077,0.0
2023_18_HOU_IND,2023,18,REG,HOU,IND,23.0,19.0,1,0,0.0,0.38461538461538464,1.0,0.09090909090909091,1.0
2023_18_TB_CAR,2023,18,REG,TB,CAR,9.0,0.0,1,0,0.0,0.375,2.0,0.16666666666666666,2.0
2023_18_CLE_CIN,2023,18,REG,CLE,CIN,14.0,31.0,0,0,2.0,0.18181818181818182,1.0,0.25,-1.0
2023_18_MIN_DET,2023,18,REG,MIN,DET,20.0,30.0,0,0,2.0,0.15384615384615385,0.0,0.1111111111111111,-2.0
2023_18_NYJ_NE,2023,18,REG,NYJ,NE,17.0,3.0,1,0,0.0,0.2,3.0,0.07142857142857142,3.0
2023_18_ATL_NO,2023,18,REG,ATL,NO,17.0,48.0,0,0,3.0,0.36363636363636365,0.0,0.3,-3.0
2023_18_JAX_TEN,2023,18,REG,JAX,TEN,20.0,28.0,0,0,2.0,0.5714285714285714,1.0,0.5454545454545454,-1.0
2023_18_SEA_ARI,2023,18,REG,SEA,ARI,21.0,20.0,1,0,0.0,0.5,0.0,0.38461538461538464,0.0
2023_18_CHI_GB,2023,18,REG,CHI,GB,9.0,17.0,0,0,0.0,0.2727272727272727,1.0,0.7,1.0
2023_18_KC_LAC,2023,18,REG,KC,LAC,13.0,12.0,1,0,1.0,0.375,1.0,0.3684210526315789,0.0
2023_18_DEN_LV,2023,18,REG,DEN,LV,14.0,27.0,0,0,1.0,0.3333333333333333,0.0,0.5384615384615384,-1.0
2023_18_PHI_NYG,2023,18,REG,PHI,NYG,10.0,27.0,0,0,4.0,0.38461538461538464,1.0,0.42857142857142855,-3.0
2023_18_LA_SF,2023,18,REG,LA,SF,21.0,20.0,1,0,1.0,0.6,1.0,0.5,0.0
2023_18_DAL_WAS,2023,18,REG,DAL,WAS,38.0,10.0,1,0,1.0,0.6,3.0,0.2,2.0
2023_18_BUF_MIA,2023,18,REG,BUF,MIA,21.0,14.0,1,0,3.0,0.6,2.0,0.4,-1.0
2023_19_CLE_HOU,2023,19,WC,CLE,HOU,14.0,45.0,0,0,2.0,0.4666666666666667,0.0,0.25,-2.0
2023_19_MIA_KC,2023,19,WC,MIA,KC,7.0,26.0,0,0,1.0,0.08333333333333333,1.0,0.4,0.0
2023_19_GB_DAL,2023,19,WC,GB,DAL,48.0,32.0,1,0,0.0,0.6,2.0,0.625,2.0
2023_19_LA_DET,2023,19,WC,LA,DET,23.0,24.0,0,0,0.0,0.3333333333333333,0.0,0.3333333333333333,0.0
2023_19_PIT_BUF,2023,19,WC,PIT,BUF,17.0,31.0,0,0,2.0,0.45454545454545453,0.0,0.4166666666666667,-2.0
2023_19_PHI_TB,2023,19,WC,PHI,TB,9.0,32.0,0,0,0.0,0.0,0.0,0.42857142857142855,0.0
2023_20_HOU_BAL,2023,20,DIV,HOU,BAL,10.0,34.0,0,0,0.0,0.3333333333333333,0.0,0.3333333333333333,0.0
2023_20_GB_SF,2023,20,DIV,GB,SF,21.0,24.0,0,0,2.0,0.5384615384615384,0.0,0.625,-2.0
2023_20_TB_DET,2023,20,DIV,TB,DET,23.0,31.0,0,0,2.0,0.3333333333333333,0.0,0.42857142857142855,-2.0
2023_20_KC_BUF,2023,20,DIV,KC,BUF,27.0,24.0,1,0,1.0,0.2,0.0,0.5,-1.0
2023_21_KC_BAL,2023,21,CON,KC,BAL,17.0,10.0,1,0,0.0,0.4444444444444444,3.0,0.2727272727272727,3.0
2023_21_DET_SF,2023,21,CON,DET,SF,31.0,34.0,0,0,1.0,0.5,1.0,0.5,0.0
2023_22_SF_KC,2023,22,SB,SF,KC,22.0,25.0,0,0,1.0,0.25,3.0,0.47368421052631576,2.0
2024_01_BAL_KC,2024,1,REG,BAL,KC,20.0,27.0,0,0,1.0,0.5,1.0,0.4444444444444444,0.0
2024_01_GB_PHI,2024,1,REG,GB,PHI,29.0,34.0,0,0,1.0,0.2727272727272727,3.0,0.2857142857142857,2.0
2024_01_PIT_ATL,2024,1,REG,PIT,ATL,18.0,10.0,1,0,0.0,0.47058823529411764,3.0,0.2222222222222222,3.0
2024_01_ARI_BUF,2024,1,REG,ARI,BUF,28.0,34.0,0,0,1.0,0.5384615384615384,1.0,0.3333333333333333,0.0
2024_01_TEN_CHI,2024,1,REG,TEN,CHI,17.0,24.0,0,0,3.0,0.21428571428571427,1.0,0.15384615384615385,-2.0
2024_01_NE_CIN,2024,1,REG,NE,CIN,16.0,10.0,1,0,1.0,0.4,1.0,0.36363636363636365,0.0
2024_01_HOU_IND,2024,1,REG,HOU,IND,29.0,27.0,1,0,0.0,0.5,1.0,0.5,1.0
2024_01_JAX_MIA,2024,1,REG,JAX,MIA,17.0,20.0,0,0,1.0,0.2,0.0,0.5,-1.0
2024_01_CAR_NO,2024,1,REG,CAR,NO,10.0,47.0,0,0,4.0,0.1,0.0,0.5384615384615384,-4.0
2024_01_MIN_NYG,2024,1,REG,MIN,NYG,28.0,6.0,1,0,2.0,0.3,2.0,0.3888888888888889,0.0
2024_01_LV_LAC,2024,1,REG,LV,LAC,10.0,22.0,0,0,3.0,0.35714285714285715,0.0,0.26666666666666666,-3.0
2024_01_DEN_SEA,2024,1,REG,DEN,SEA,20.0,26.0,0,0,4.0,0.2777777777777778,1.0,0.3333333333333333,-3.0
2024_01_DAL_CLE,2024,1,REG,DAL,CLE,33.0,17.0,1,0,0.0,0.2857142857142857,2.0,0.13333333333333333,2.0
2024_01_WAS_TB,2024,1,REG,WAS,TB,20.0,37.0,0,0,0.0,0.25,0.0,0.6923076923076923,0.0
2024_01_LA_DET,2024,1,REG,LA,DET,20.0,26.0,0,0,1.0,0.4166666666666667,1.0,0.46153846153846156,0.0
2024_01_NYJ_SF,2024,1,REG,NYJ,SF,19.0,32.0,0,0,2.0,0.6,0.0,0.46153846153846156,-2.0
2024_02_BUF_MIA,2024,2,REG,BUF,MIA,31.0,10.0,1,0,0.0,0.3333333333333333,3.0,0.4666666666666667,3.0
2024_02_LV_BAL,2024,2,REG,LV,BAL,26.0,23.0,1,0,1.0,0.3333333333333333,1.0,0.2727272727272727,0.0
2024_02_LAC_CAR,2024,2,REG,LAC,CAR,26.0,3.0,1,0,2.0,0.5625,1.0,0.08333333333333333,-1.0
2024_02_NO_DAL,2024,2,REG,NO,DAL,44.0,19.0,1,0,1.0,0.625,2.0,0.46153846153846156,1.0
2024_02_TB_DET,2024,2,REG,TB,DET,20.0,16.0,1,0,1.0,0.2,2.0,0.4117647058823529,1.0
2024_02_IND_GB,2024,2,REG,IND,GB,10.0,16.0,0,0,3.0,0.2222222222222222,1.0,0.5882352941176471,-2.0
2024_02_CLE_JAX,2024,2,REG,CLE,JAX,18.0,13.0,1,0,0.0,0.14285714285714285,0.0,0.3333333333333333,0.0
2024_02_SF_MIN,2024,2,REG,SF,MIN,17.0,23.0,0,0,2.0,0.2,2.0,0.5833333333333334,0.0
2024_02_SEA_NE,2024,2,REG,SEA,NE,23.0,20.0,1,0,0.0,0.4666666666666667,0.0,0.375,0.0
2024_02_NYJ_TEN,2024,2,REG,NYJ,TEN,24.0,17.0,1,0,0.0,0.4166666666666667,2.0,0.4166666666666667,2.0
2024_02_NYG_WAS,2024,2,REG,NYG,WAS,18.0,21.0,0,0,1.0,0.5,0.0,0.5,-1.0
2024_02_LA_ARI,2024,2,REG,LA,ARI,10.0,41.0,0,0,1.0,0.18181818181818182,1.0,0.6363636363636364,0.0
2024_02_PIT_DEN,2024,2,REG,PIT,DEN,13.0,6.0,1,0,0.0,0.3076923076923077,2.0,0.16666666666666666,2.0
2024_02_CIN_KC,2024,2,REG,CIN,KC,25.0,26.0,0,0,1.0,0.3076923076923077,3.0,0.125,2.0
2024_02_CHI_HOU,2024,2,REG,CHI,HOU,13.0,19.0,0,0,2.0,0.35294117647058826,1.0,0.2857142857142857,-1.0
2024_02_ATL_PHI,2024,2,REG,ATL,PHI,22.0,21.0,1,0,0.0,0.2222222222222222,1.0,0.46153846153846156,1.0
2024_03_NE_NYJ,2024,3,REG,NE,NYJ,3.0,24.0,0,0,1.0,0.18181818181818182,0.0,0.6666666666666666,-1.0
2024_03_NYG_CLE,2024,3,REG,NYG,CLE,21.0,15.0,1,0,2.0,0.2857142857142857,2.0,0.2857142857142857,0.0
2024_03_CHI_IND,2024,3,REG,CHI,IND,16.0,21.0,0,0,3.0,0.42857142857142855,2.0,0.25,-1.0
2024_03_HOU_MIN,2024,3,REG,HOU,MIN,7.0,34.0,0,0,2.0,0.2857142857142857,0.0,0.46153846153846156,-2.0
2024_03_PHI_NO,2024,3,REG,PHI,NO,15.0,12.0,1,0,2.0,0.42857142857142855,1.0,0.46153846153846156,-1.0
2024_03_LAC_PIT,2024,3,REG,LAC,PIT,10.0,20.0,0,0,0.0,0.2727272727272727,1.0,0.5,1.0
2024_03_DEN_TB,2024,3,REG,DEN,TB,26.0,7.0,1,0,1.0,0.3076923076923077,2.0,0.2727272727272727,1.0
2024_03_GB_TEN,2024,3,REG,GB,TEN,30.0,14.0,1,0,0.0,0.35714285714285715,3.0,0.3333333333333333,3.0
2024_03_CAR_LV,2024,3,REG,CAR,LV,36.0,22.0,1,0,0.0,0.4166666666666667,1.0,0.2727272727272727,1.0
2024_03_MIA_SEA,2024,3,REG,MIA,SEA,3.0,24.0,0,0,0.0,0.08333333333333333,2.0,0.2727272727272727,2.0
2024_03_DET_ARI,2024,3,REG,DET,ARI,20.0,13.0,1,0,1.0,0.5,1.0,0.1111111111111111,0.0
2024_03_BAL_DAL,2024,3,REG,BAL,DAL,28.0,25.0,1,0,0.0,0.4444444444444444,1.0,0.5384615384615384,1.0
2024_03_SF_LA,2024,3,REG,SF,LA,24.0,27.0,0,0,1.0,0.5454545454545454,0.0,0.4166666666666667,-1.0
2024_03_KC_ATL,2024,3,REG,KC,ATL,22.0,17.0,1,0,1.0,0.42857142857142855,1.0,0.2222222222222222,0.0
2024_03_JAX_BUF,2024,3,REG,JAX,BUF,10.0,47.0,0,0,2.0,0.15384615384615385,0.0,0.5454545454545454,-2.0
2024_03_WAS_CIN,2024,3,REG,WAS,CIN,38.0,33.0,1,0,0.0,0.5555555555555556,0.0,0.6,0.0
2024_04_DAL_NYG,2024,4,REG,DAL,NYG,20.0,15.0,1,0,0.0,0.3,1.0,0.3125,1.0
2024_04_NO_ATL,2024,4,REG,NO,ATL,24.0,26.0,0,0,1.0,0.5384615384615384,2.0,0.36363636363636365,1.0
2024_04_CIN_CAR,2024,4,REG,CIN,CAR,34.0,24.0,1,0,1.0,0.5384615384615384,1.0,0.5,0.0
2024_04_LA_CHI,2024,4,REG,LA,CHI,18.0,24.0,0,0,2.0,0.45454545454545453,0.0,0.3333333333333333,-2.0
2024_04_MIN_GB,2024,4,REG,MIN,GB,31.0,29.0,1,0,2.0,0.36363636363636365,5.0,0.3333333333333333,3.0
2024_04_JAX_HOU,2024,4,REG,JAX,HOU,20.0,24.0,0,0,1.0,0.3333333333333333,0.0,0.5384615384615384,-1.0
2024_04_PIT_IND,2024,4,REG,PIT,IND,24.0,27.0,0,0,2.0,0.46153846153846156,0.0,0.5333333333333333,-2.0
2024_04_DEN_NYJ,2024,4,REG,DEN,NYJ,10.0,9.0,1,0,1.0,0.21428571428571427,1.0,0.23529411764705882,0.0
2024_04_PHI_TB,2024,4,REG,PHI,TB,16.0,33.0,0,0,1.0,0.46153846153846156,1.0,0.46153846153846156,0.0
2024_04_WAS_ARI,2024,4,REG,WAS,ARI,42.0,14.0,1,0,1.0,0.75,1.0,0.36363636363636365,0.0
2024_04_NE_SF,2024,4,REG,NE,SF,13.0,30.0,0,0,3.0,0.3125,2.0,0.5384615384615384,-1.0
2024_04_KC_LAC,2024,4,REG,KC,LAC,17.0,10.0,1,0,2.0,0.5625,0.0,0.3076923076923077,-2.0
2024_04_CLE_LV,2024,4,REG,CLE,LV,16.0,20.0,0,0,1.0,0.3,1.0,0.3333333333333333,0.0
2024_04_BUF_BAL,2024,4,REG,BUF,BAL,10.0,35.0,0,0,1.0,0.23076923076923078,1.0,0.5555555555555556,0.0
2024_04_TEN_MIA,2024,4,REG,TEN,MIA,31.0,12.0,1,0,1.0,0.16666666666666666,1.0,0.16666666666666666,0.0
2024_04_SEA_DET,2024,4,REG,SEA,DET,29.0,42.0,0,0,2.0,0.5,0.0,0.5,-2.0
2024_05_TB_ATL,2024,5,REG,TB,ATL,30.0,36.0,0,0,1.0,0.5454545454545454,1.0,0.42857142857142855,0.0
2024_05_NYJ_MIN,2024,5,REG,NYJ,MIN,17.0,23.0,0,0,3.0,0.29411764705882354,2.0,0.3076923076923077,-1.0
2024_05_CAR_CHI,2024,5,REG,CAR,CHI,10.0,36.0,0,0,3.0,0.25,0.0,0.36363636363636365,-3.0
2024_05_BAL_CIN,2024,5,REG,BAL,CIN,41.0,38.0,1,0,1.0,0.6666666666666666,1.0,0.5714285714285714,0.0
2024_05_BUF_HOU,2024,5,REG,BUF,HOU,20.0,23.0,0,0,0.0,0.21428571428571427,2.0,0.5,2.0
2024_05_IND_JAX,2024,5,REG,IND,JAX,34.0,37.0,0,0,1.0,0.5,2.0,0.3,1.0
2024_05_MIA_NE,2024,5,REG,MIA,NE,15.0,10.0,1,0,2.0,0.18181818181818182,0.0,0.3076923076923077,-2.0
2024_05_CLE_WAS,2024,5,REG,CLE,WAS,13.0,34.0,0,0,1.0,0.07692307692307693,2.0,0.47058823529411764,1.0
2024_05_LV_DEN,2024,5,REG,LV,DEN,18.0,34.0,0,0,3.0,0.4666666666666667,0.0,0.25,-3.0
2024_05_ARI_SF,2024,5,REG,ARI,SF,24.0,23.0,1,0,1.0,0.3,3.0,0.5454545454545454,2.0
2024_05_GB_LA,2024,5,REG,GB,LA,24.0,19.0,1,0,1.0,0.125,2.0,0.5,1.0
2024_05_NYG_SEA,2024,5,REG,NYG,SEA,29.0,20.0,1,0,1.0,0.4375,1.0,0.2727272727272727,0.0
2024_05_DAL_PIT,2024,5,REG,DAL,PIT,20.0,17.0,1,0,3.0,0.6,1.0,0.25,-2.0
2024_05_NO_KC,2024,5,REG,NO,KC,13.0,26.0,0,0,1.0,0.4,1.0,0.42857142857142855,0.0
2024_06_SF_SEA,2024,6,REG,SF,SEA,36.0,24.0,1,0,0.0,0.4166666666666667,3.0,0.4375,3.0
2024_06_JAX_CHI,2024,6,REG,JAX,CHI,16.0,35.0,0,0,2.0,0.4666666666666667,1.0,0.45454545454545453,-1.0
2024_06_WAS_BAL,2024,6,REG,WAS,BAL,23.0,30.0,0,0,0.0,0.3333333333333333,1.0,0.6,1.0
2024_06_ARI_GB,2024,6,REG,ARI,GB,13.0,34.0,0,0,3.0,0.4,1.0,0.5833333333333334,-2.0
2024_06_HOU_NE,2024,6,REG,HOU,NE,41.0,21.0,1,0,1.0,0.36363636363636365,4.0,0.23076923076923078,3.0
2024_06_TB_NO,2024,6,REG,TB,NO,51.0,27.0,1,0,3.0,0.6,3.0,0.3076923076923077,0.0
2024_06_CLE_PHI,2024,6,REG,CLE,PHI,16.0,20.0,0,0,0.0,0.25,0.0,0.35714285714285715,0.0
2024_06_IND_TEN,2024,6,REG,IND,TEN,20.0,17.0,1,0,1.0,0.4666666666666667,1.0,0.36363636363636365,0.0
2024_06_LAC_DEN,2024,6,REG,LAC,DEN,23.0,16.0,1,0,0.0,0.6111111111111112,2.0,0.2727272727272727,2.0
2024_06_PIT_LV,2024,6,REG,PIT,LV,32.0,13.0,1,0,0.0,0.3076923076923077,3.0,0.18181818181818182,3.0
2024_06_ATL_CAR,2024,6,REG,ATL,CAR,38.0,20.0,1,0,1.0,0.5,2.0,0.45454545454545453,1.0
2024_06_DET_DAL,2024,6,REG,DET,DAL,47.0,9.0,1,0,0.0,0.4,5.0,0.23076923076923078,5.0
2024_06_CIN_NYG,2024,6,REG,CIN,NYG,17.0,7.0,1,0,1.0,0.36363636363636365,1.0,0.3333333333333333,0.0
2024_06_BUF_NYJ,2024,6,REG,BUF,NYJ,23.0,20.0,1,0,0.0,0.45454545454545453,1.0,0.3333333333333333,1.0
2024_07_DEN_NO,2024,7,REG,DEN,NO,33.0,10.0,1,0,1.0,0.36363636363636365,2.0,0.29411764705882354,1.0
2024_07_NE_JAX,2024,7,REG,NE,JAX,16.0,32.0,0,0,0.0,0.5,0.0,0.6,0.0
2024_07_SEA_ATL,2024,7,REG,SEA,ATL,34.0,14.0,1,0,0.0,0.36363636363636365,3.0,0.5333333333333333,3.0
2024_07_TEN_BUF,2024,7,REG,TEN,BUF,10.0,34.0,0,0,2.0,0.375,0.0,0.3,-2.0
2024_07_CIN_CLE,2024,7,REG,CIN,CLE,21.0,14.0,1,0,0.0,0.15384615384615385,2.0,0.42105263157894735,2.0
2024_07_HOU_GB,2024,7,REG,HOU,GB,22.0,24.0,0,0,1.0,0.3076923076923077,2.0,0.4,1.0
2024_07_MIA_IND,2024,7,REG,MIA,IND,10.0,16.0,0,0,2.0,0.4,1.0,0.3076923076923077,-1.0
2024_07_DET_MIN,2024,7,REG,DET,MIN,31.0,29.0,1,0,1.0,0.4,1.0,0.4,0.0
2024_07_PHI_NYG,2024,7,REG,PHI,NYG,28.0,3.0,1,0,0.0,0.07692307692307693,0.0,0.21428571428571427,0.0
2024_07_LV_LA,2024,7,REG,LV,LA,15.0,20.0,0,0,4.0,0.2,1.0,0.2,-3.0
2024_07_CAR_WAS,2024,7,REG,CAR,WAS,7.0,40.0,0,0,2.0,0.3,0.0,0.5,-2.0
2024_07_KC_SF,2024,7,REG,KC,SF,28.0,18.0,1,0,2.0,0.5714285714285714,3.0,0.18181818181818182,1.0
2024_07_NYJ_PIT,2024,7,REG,NYJ,PIT,15.0,37.0,0,0,2.0,0.3,0.0,0.35714285714285715,-2.0
2024_07_BAL_TB,2024,7,REG,BAL,TB,41.0,31.0,1,0,1.0,0.375,2.0,0.6470588235294118,1.0
2024_07_LAC_ARI,2024,7,REG,LAC,ARI,15.0,17.0,0,0,1.0,0.42857142857142855,2.0,0.2857142857142857,1.0
2024_08_MIN_LA,2024,8,REG,MIN,LA,20.0,30.0,0,0,0.0,0.2857142857142857,1.0,0.4,1.0
2024_08_PHI_CIN,2024,8,REG,PHI,CIN,37.0,17.0,1,0,0.0,0.5454545454545454,2.0,0.7692307692307693,2.0
2024_08_BAL_CLE,2024,8,REG,BAL,CLE,24.0,29.0,0,0,0.0,0.2,1.0,0.5333333333333333,1.0
2024_08_TEN_DET,2024,8,REG,TEN,DET,14.0,52.0,0,0,4.0,0.2727272727272727,0.0,0.3333333333333333,-4.0
2024_08_IND_HOU,2024,8,REG,IND,HOU,20.0,23.0,0,0,2.0,0.15384615384615385,1.0,0.3076923076923077,-1.0
2024_08_GB_JAX,2024,8,REG,GB,JAX,30.0,27.0,1,0,1.0,0.2727272727272727,2.0,0.1111111111111111,1.0
2024_08_ARI_MIA,2024,8,REG,ARI,MIA,28.0,27.0,1,0,0.0,0.5384615384615384,0.0,0.7333333333333333,0.0
2024_08_NYJ_NE,2024,8,REG,NYJ,NE,22.0,25.0,0,0,0.0,0.4,0.0,0.4666666666666667,0.0
2024_08_ATL_TB,2024,8,REG,ATL,TB,31.0,26.0,1,0,0.0,0.5,3.0,0.6428571428571429,3.0
2024_08_NO_LAC,2024,8,REG,NO,LAC,8.0,26.0,0,0,0.0,0.125,0.0,0.25,0.0
2024_08_BUF_SEA,2024,8,REG,BUF,SEA,31.0,10.0,1,0,2.0,0.5333333333333333,1.0,0.14285714285714285,-1.0
2024_08_CAR_DEN,2024,8,REG,CAR,DEN,14.0,28.0,0,0,2.0,0.35714285714285715,2.0,0.6470588235294118,0.0
2024_08_KC_LV,2024,8,REG,KC,LV,27.0,20.0,1,0,1.0,0.75,1.0,0.46153846153846156,0.0
2024_08_CHI_WAS,2024,8,REG,CHI,WAS,15.0,18.0,0,0,1.0,0.16666666666666666,0.0,0.3333333333333333,-1.0
2024_08_DAL_SF,2024,8,REG,DAL,SF,24.0,30.0,0,0,2.0,0.3333333333333333,0.0,0.5,-2.0
2024_08_NYG_PIT,2024,8,REG,NYG,PIT,18.0,26.0,0,0,2.0,0.3333333333333333,1.0,0.46153846153846156,-1.0
2024_09_HOU_NYJ,2024,9,REG,HOU,NYJ,13.0,21.0,0,0,1.0,0.35294117647058826,1.0,0.4166666666666667,0.0
2024_09_DAL_ATL,2024,9,REG,DAL,ATL,21.0,27.0,0,0,0.0,0.23076923076923078,1.0,0.3076923076923077,1.0
2024_09_DEN_BAL,2024,9,REG,DEN,BAL,10.0,41.0,0,0,1.0,0.42857142857142855,0.0,0.375,-1.0
2024_09_MIA_BUF,2024,9,REG,MIA,BUF,27.0,30.0,0,0,1.0,0.5,1.0,0.5,0.0
2024_09_NO_CAR,2024,9,REG,NO,CAR,22.0,23.0,0,0,0.0,0.3333333333333333,1.0,0.4,1.0
2024_09_LV_CIN,2024,9,REG,LV,CIN,24.0,41.0,0,0,2.0,0.38461538461538464,1.0,0.5333333333333333,-1.0
2024_09_LAC_CLE,2024,9,REG,LAC,CLE,27.0,10.0,1,0,0.0,0.35714285714285715,3.0,0.35294117647058826,3.0
2024_09_WAS_NYG,2024,9,REG,WAS,NYG,27.0,22.0,1,0,0.0,0.4166666666666667,1.0,0.5454545454545454,1.0
2024_09_NE_TEN,2024,9,REG,NE,TEN,17.0,20.0,0,0,3.0,0.2727272727272727,1.0,0.4375,-2.0
2024_09_CHI_ARI,2024,9,REG,CHI,ARI,9.0,29.0,0,0,0.0,0.21428571428571427,2.0,0.38461538461538464,2.0
2024_09_JAX_PHI,2024,9,REG,JAX,PHI,23.0,28.0,0,0,2.0,0.3,2.0,0.5294117647058824,0.0
2024_09_DET_GB,2024,9,REG,DET,GB,24.0,14.0,1,0,0.0,0.3333333333333333,1.0,0.25,1.0
2024_09_LA_SEA,2024,9,REG,LA,SEA,26.0,20.0,1,0,1.0,0.23076923076923078,3.0,0.26666666666666666,2.0
2024_09_IND_MIN,2024,9,REG,IND,MIN,13.0,21.0,0,0,2.0,0.2727272727272727,3.0,0.5,1.0
2024_09_TB_KC,2024,9,REG,TB,KC,24.0,30.0,0,0,0.0,0.45454545454545453,1.0,0.6666666666666666,1.0
2024_10_CIN_BAL,2024,10,REG,CIN,BAL,34.0,35.0,0,0,1.0,0.5,0.0,0.5833333333333334,-1.0
2024_10_NYG_CAR,2024,10,REG,NYG,CAR,17.0,20.0,0,0,3.0,0.4666666666666667,1.0,0.4,-2.0
2024_10_NE_CHI,2024,10,REG,NE,CHI,19.0,3.0,1,0,1.0,0.35714285714285715,0.0,0.07142857142857142,-1.0
2024_10_BUF_IND,2024,10,REG,BUF,IND,30.0,20.0,1,0,2.0,0.5,4.0,0.36363636363636365,2.0
2024_10_MIN_JAX,2024,10,REG,MIN,JAX,12.0,7.0,1,0,3.0,0.35714285714285715,3.0,0.45454545454545453,0.0
2024_10_DEN_KC,2024,10,REG,DEN,KC,14.0,16.0,0,0,0.0,0.5384615384615384,0.0,0.4375,0.0
2024_10_ATL_NO,2024,10,REG,ATL,NO,17.0,20.0,0,0,1.0,0.35714285714285715,0.0,0.38461538461538464,-1.0
2024_10_SF_TB,2024,10,REG,SF,TB,23.0,20.0,1,0,0.0,0.45454545454545453,1.0,0.35714285714285715,1.0
2024_10_PIT_WAS,2024,10,REG,PIT,WAS,28.0,27.0,1,0,3.0,0.4375,0.0,0.35714285714285715,-3.0
2024_10_TEN_LAC,2024,10,REG,TEN,LAC,17.0,27.0,0,0,0.0,0.3333333333333333,0.0,0.4,0.0
2024_10_NYJ_ARI,2024,10,REG,NYJ,ARI,6.0,31.0,0,0,1.0,0.46153846153846156,0.0,0.7142857142857143,-1.0
2024_10_PHI_DAL,2024,10,REG,PHI,DAL,34.0,6.0,1,0,2.0,0.36363636363636365,5.0,0.21428571428571427,3.0
2024_10_DET_HOU,2024,10,REG,DET,HOU,26.0,23.0,1,0,5.0,0.5833333333333334,2.0,0.4,-3.0
2024_10_MIA_LA,2024,10,REG,MIA,LA,23.0,15.0,1,0,2.0,0.46153846153846156,2.0,0.25,0.0
2024_11_WAS_PHI,2024,11,REG,WAS,PHI,18.0,26.0,0,0,1.0,0.25,0.0,0.5625,-1.0
2024_11_GB_CHI,2024,11,REG,GB,CHI,20.0,19.0,1,0,1.0,0.2,0.0,0.5625,-1.0
2024_11_JAX_DET,2024,11,REG,JAX,DET,6.0,52.0,0,0,1.0,0.2,0.0,0.6,-1.0
2024_11_LV_MIA,2024,11,REG,LV,MIA,19.0,34.0,0,0,1.0,0.5714285714285714,0.0,0.6666666666666666,-1.0
2024_11_LA_NE,2024,11,REG,LA,NE,28.0,22.0,1,0,0.0,0.25,2.0,0.42857142857142855,2.0
2024_11_CLE_NO,2024,11,REG,CLE,NO,14.0,35.0,0,0,0.0,0.23076923076923078,2.0,0.5,2.0
2024_11_IND_NYJ,2024,11,REG,IND,NYJ,28.0,27.0,1,0,1.0,0.4,0.0,0.3076923076923077,-1.0
2024_11_BAL_PIT,2024,11,REG,BAL,PIT,16.0,18.0,0,0,3.0,0.36363636363636365,1.0,0.25,-2.0
2024_11_MIN_TEN,2024,11,REG,MIN,TEN,23.0,13.0,1,0,1.0,0.35714285714285715,1.0,0.4,0.0
2024_11_ATL_DEN,2024,11,REG,ATL,DEN,6.0,38.0,0,0,1.0,0.3076923076923077,0.0,0.5454545454545454,-1.0
2024_11_SEA_SF,2024,11,REG,SEA,SF,20.0,17.0,1,0,1.0,0.46153846153846156,1.0,0.6363636363636364,0.0
2024_11_KC_BUF,2024,11,REG,KC,BUF,21.0,30.0,0,0,2.0,0.5,1.0,0.6,-1.0
2024_11_CIN_LAC,2024,11,REG,CIN,LAC,27.0,34.0,0,0,0.0,0.29411764705882354,1.0,0.2727272727272727,1.0
2024_11_HOU_DAL,2024,11,REG,HOU,DAL,34.0,10.0,1,0,1.0,0.3333333333333333,2.0,0.3333333333333333,1.0
2024_12_PIT_CLE,2024,12,REG,PIT,CLE,19.0,24.0,0,0,1.0,0.4375,3.0,0.1,2.0
2024_12_KC_CAR,2024,12,REG,KC,CAR,30.0,27.0,1,0,0.0,0.6153846153846154,0.0,0.38461538461538464,0.0
2024_12_MIN_CHI,2024,12,REG,MIN,CHI,30.0,27.0,1,0,2.0,0.46153846153846156,0.0,0.35294117647058826,-2.0
2024_12_TEN_HOU,2024,12,REG,TEN,HOU,32.0,27.0,1,0,2.0,0.2857142857142857,3.0,0.23076923076923078,1.0
2024_12_DET_IND,2024,12,REG,DET,IND,24.0,6.0,1,0,0.0,0.6,0.0,0.25,0.0
2024_12_NE_MIA,2024,12,REG,NE,MIA,15.0,34.0,0,0,2.0,0.21428571428571427,1.0,0.3333333333333333,-1.0
2024_12_TB_NYG,2024,12,REG,TB,NYG,30.0,7.0,1,0,1.0,0.5454545454545454,1.0,0.45454545454545453,0.0
2024_12_DAL_WAS,2024,12,REG,DAL,WAS,34.0,26.0,1,0,1.0,0.18181818181818182,3.0,0.3333333333333333,2.0
2024_12_DEN_LV,2024,12,REG,DEN,LV,29.0,19.0,1,0,0.0,0.4,2.0,0.2857142857142857,2.0
2024_12_SF_GB,2024,12,REG,SF,GB,10.0,38.0,0,0,3.0,0.3,0.0,0.46153846153846156,-3.0
2024_12_ARI_SEA,2024,12,REG,ARI,SEA,6.0,16.0,0,0,1.0,0.25,1.0,0.5,0.0
2024_12_PHI_LA,2024,12,REG,PHI,LA,37.0,20.0,1,0,0.0,0.6,1.0,0.0,1.0
2024_12_BAL_LAC,2024,12,REG,BAL,LAC,30.0,23.0,1,0,0.0,0.5333333333333333,0.0,0.35714285714285715,0.0
2024_13_CHI_DET,2024,13,REG,CHI,DET,20.0,23.0,0,0,0.0,0.4666666666666667,1.0,0.35714285714285715,1.0
2024_13_NYG_DAL,2024,13,REG,NYG,DAL,20.0,27.0,0,0,2.0,0.25,0.0,0.4666666666666667,-2.0
2024_13_MIA_GB,2024,13,REG,MIA,GB,17.0,30.0,0,0,0.0,0.2857142857142857,1.0,0.45454545454545453,1.0
2024_13_LV_KC,2024,13,REG,LV,KC,17.0,19.0,0,0,1.0,0.25,0.0,0.4375,-1.0
2024_13_LAC_ATL,2024,13,REG,LAC,ATL,17.0,13.0,1,0,1.0,0.2727272727272727,4.0,0.21428571428571427,3.0
2024_13_PIT_CIN,2024,13,REG,PIT,CIN,44.0,38.0,1,0,1.0,0.4444444444444444,3.0,0.5,2.0
2024_13_HOU_JAX,2024,13,REG,HOU,JAX,23.0,20.0,1,0,0.0,0.38461538461538464,1.0,0.3333333333333333,1.0
2024_13_ARI_MIN,2024,13,REG,ARI,MIN,22.0,23.0,0,0,2.0,0.38461538461538464,1.0,0.125,-1.0
2024_13_IND_NE,2024,13,REG,IND,NE,25.0,24.0,1,0,2.0,0.45454545454545453,1.0,0.5454545454545454,-1.0
2024_13_SEA_NYJ,2024,13,REG,SEA,NYJ,26.0,21.0,1,0,2.0,0.3076923076923077,2.0,0.38461538461538464,0.0
2024_13_TEN_WAS,2024,13,REG,TEN,WAS,19.0,42.0,0,0,2.0,0.4166666666666667,1.0,0.6428571428571429,-1.0
2024_13_TB_CAR,2024,13,REG,TB,CAR,26.0,23.0,1,0,2.0,0.16666666666666666,1.0,0.375,-1.0
2024_13_LA_NO,2024,13,REG,LA,NO,21.0,14.0,1,0,0.0,0.4444444444444444,0.0,0.3333333333333333,0.0
2024_13_PHI_BAL,2024,13,REG,PHI,BAL,24.0,19.0,1,0,0.0,0.3333333333333333,0.0,0.4,0.0
2024_13_SF_BUF,2024,13,REG,SF,BUF,10.0,35.0,0,0,3.0,0.3,0.0,0.5,-3.0
2024_13_CLE_DEN,2024,13,REG,CLE,DEN,32.0,41.0,0,0,3.0,0.47368421052631576,2.0,0.46153846153846156,-1.0
2024_14_GB_DET,2024,14,REG,GB,DET,31.0,34.0,0,0,1.0,0.2,1.0,0.4666666666666667,0.0
2024_14_NYJ_MIA,2024,14,REG,NYJ,MIA,26.0,32.0,0,0,0.0,0.3333333333333333,0.0,0.1111111111111111,0.0
2024_14_ATL_MIN,2024,14,REG,ATL,MIN,21.0,42.0,0,0,3.0,0.5384615384615384,0.0,0.6666666666666666,-3.0
2024_14_NO_NYG,2024,14,REG,NO,NYG,14.0,11.0,1,0,1.0,0.3333333333333333,1.0,0.2631578947368421,0.0
2024_14_CAR_PHI,2024,14,REG,CAR,PHI,16.0,22.0,0,0,1.0,0.4375,0.0,0.5833333333333334,-1.0
2024_14_CLE_PIT,2024,14,REG,CLE,PIT,14.0,27.0,0,0,2.0,0.15384615384615385,2.0,0.42857142857142855,0.0
2024_14_LV_TB,2024,14,REG,LV,TB,13.0,28.0,0,0,2.0,0.3076923076923077,3.0,0.4166666666666667,1.0
2024_14_JAX_TEN,2024,14,REG,JAX,TEN,10.0,6.0,1,0,2.0,0.46153846153846156,0.0,0.5,-2.0
2024_14_SEA_ARI,2024,14,REG,SEA,ARI,30.0,18.0,1,0,0.0,0.4666666666666667,2.0,0.3333333333333333,2.0
2024_14_BUF_LA,2024,14,REG,BUF,LA,42.0,44.0,0,0,0.0,0.5555555555555556,0.0,0.7333333333333333,0.0
2024_14_CHI_SF,2024,14,REG,CHI,SF,13.0,38.0,0,0,1.0,0.4,1.0,0.5,0.0
2024_14_LAC_KC,2024,14,REG,LAC,KC,17.0,19.0,0,0,0.0,0.46153846153846156,0.0,0.5333333333333333,0.0
2024_14_CIN_DAL,2024,14,REG,CIN,DAL,27.0,20.0,1,0,2.0,0.4,1.0,0.3333333333333333,-1.0
2024_15_LA_SF,2024,15,REG,LA,SF,12.0,6.0,1,0,0.0,0.26666666666666666,1.0,0.25,1.0
2024_15_DAL_CAR,2024,15,REG,DAL,CAR,30.0,14.0,1,0,1.0,0.5,4.0,0.2727272727272727,3.0
2024_15_KC_CLE,2024,15,REG,KC,CLE,21.0,7.0,1,0,1.0,0.3888888888888889,5.0,0.3333333333333333,4.0
2024_15_MIA_HOU,2024,15,REG,MIA,HOU,12.0,20.0,0,0,4.0,0.3076923076923077,1.0,0.38461538461538464,-3.0
2024_15_NYJ_JAX,2024,15,REG,NYJ,JAX,32.0,25.0,1,0,0.0,0.4,2.0,0.5333333333333333,2.0
2024_15_WAS_NO,2024,15,REG,WAS,NO,20.0,19.0,1,0,0.0,0.5294117647058824,1.0,0.2727272727272727,1.0
2024_15_BAL_NYG,2024,15,REG,BAL,NYG,35.0,14.0,1,0,1.0,0.8181818181818182,1.0,0.16666666666666666,0.0
2024_15_CIN_TEN,2024,15,REG,CIN,TEN,37.0,27.0,1,0,3.0,0.7692307692307693,6.0,0.625,3.0
2024_15_NE_ARI,2024,15,REG,NE,ARI,17.0,30.0,0,0,1.0,0.0,0.0,0.6666666666666666,-1.0
2024_15_IND_DEN,2024,15,REG,IND,DEN,13.0,31.0,0,0,5.0,0.26666666666666666,3.0,0.35294117647058826,-2.0
2024_15_BUF_DET,2024,15,REG,BUF,DET,48.0,42.0,1,0,0.0,0.5,1.0,0.46153846153846156,1.0
2024_15_TB_LAC,2024,15,REG,TB,LAC,40.0,17.0,1,0,2.0,0.6,2.0,0.0,0.0
2024_15_PIT_PHI,2024,15,REG,PIT,PHI,13.0,27.0,0,0,2.0,0.3,1.0,0.5882352941176471,-1.0
2024_15_GB_SEA,2024,15,REG,GB,SEA,30.0,13.0,1,0,1.0,0.4166666666666667,2.0,0.3076923076923077,1.0
2024_15_CHI_MIN,2024,15,REG,CHI,MIN,12.0,30.0,0,0,1.0,0.08333333333333333,1.0,0.5,0.0
2024_15_ATL_LV,2024,15,REG,ATL,LV,15.0,9.0,1,0,1.0,0.3076923076923077,3.0,0.2857142857142857,2.0
2024_16_DEN_LAC,2024,16,REG,DEN,LAC,27.0,34.0,0,0,0.0,0.38461538461538464,1.0,0.5,1.0
2024_16_HOU_KC,2024,16,REG,HOU,KC,19.0,27.0,0,0,2.0,0.5384615384615384,0.0,0.5384615384615384,-2.0
2024_16_PIT_BAL,2024,16,REG,PIT,BAL,17.0,34.0,0,0,2.0,0.4,1.0,0.4,-1.0
2024_16_NYG_ATL,2024,16,REG,NYG,ATL,7.0,34.0,0,0,3.0,0.3333333333333333,1.0,0.5714285714285714,-2.0
2024_16_ARI_CAR,2024,16,REG,ARI,CAR,30.0,36.0,0,0,2.0,0.46153846153846156,0.0,0.42857142857142855,-2.0
2024_16_DET_CHI,2024,16,REG,DET,CHI,34.0,17.0,1,0,0.0,0.5833333333333334,2.0,0.2,2.0
2024_16_CLE_CIN,2024,16,REG,CLE,CIN,6.0,24.0,0,0,3.0,0.25,1.0,0.36363636363636365,-2.0
2024_16_TEN_IND,2024,16,REG,TEN,IND,30.0,38.0,0,0,3.0,0.45454545454545453,1.0,0.5333333333333333,-2.0
2024_16_LA_NYJ,2024,16,REG,LA,NYJ,19.0,9.0,1,0,2.0,0.5,1.0,0.38461538461538464,-1.0
2024_16_PHI_WAS,2024,16,REG,PHI,WAS,33.0,36.0,0,0,2.0,0.1875,5.0,0.5384615384615384,3.0
2024_16_MIN_SEA,2024,16,REG,MIN,SEA,27.0,24.0,1,0,0.0,0.25,2.0,0.2,2.0
2024_16_NE_BUF,2024,16,REG,NE,BUF,21.0,24.0,0,0,3.0,0.5833333333333334,1.0,0.36363636363636365,-2.0
2024_16_JAX_LV,2024,16,REG,JAX,LV,14.0,19.0,0,0,2.0,0.4,0.0,0.2857142857142857,-2.0
2024_16_SF_MIA,2024,16,REG,SF,MIA,17.0,29.0,0,0,1.0,0.38461538461538464,0.0,0.3333333333333333,-1.0
2024_16_TB_DAL,2024,16,REG,TB,DAL,24.0,26.0,0,0,2.0,0.5,0.0,0.3333333333333333,-2.0
2024_16_NO_GB,2024,16,REG,NO,GB,0.0,34.0,0,0,2.0,0.36363636363636365,0.0,0.46153846153846156,-2.0
2024_17_KC_PIT,2024,17,REG,KC,PIT,29.0,10.0,1,0,0.0,0.3,2.0,0.5,2.0
2024_17_BAL_HOU,2024,17,REG,BAL,HOU,31.0,2.0,1,0,0.0,0.4444444444444444,1.0,0.26666666666666666,1.0
2024_17_SEA_CHI,2024,17,REG,SEA,CHI,6.0,3.0,1,0,1.0,0.38461538461538464,1.0,0.3333333333333333,0.0
2024_17_LAC_NE,2024,17,REG,LAC,NE,40.0,7.0,1,0,0.0,0.5882352941176471,1.0,0.2,1.0
2024_17_DEN_CIN,2024,17,REG,DEN,CIN,24.0,30.0,0,0,1.0,0.3333333333333333,1.0,0.5384615384615384,0.0
2024_17_ARI_LA,2024,17,REG,ARI,LA,9.0,13.0,0,0,2.0,0.46153846153846156,0.0,0.4,-2.0
2024_17_NYJ_BUF,2024,17,REG,NYJ,BUF,14.0,40.0,0,0,3.0,0.4444444444444444,0.0,0.5714285714285714,-3.0
2024_17_TEN_JAX,2024,17,REG,TEN,JAX,13.0,20.0,0,0,1.0,0.5,0.0,0.6153846153846154,-1.0
2024_17_LV_NO,2024,17,REG,LV,NO,25.0,10.0,1,0,0.0,0.5555555555555556,2.0,0.1,2.0
2024_17_IND_NYG,2024,17,REG,IND,NYG,33.0,45.0,0,0,3.0,0.5384615384615384,0.0,0.5384615384615384,-3.0
2024_17_DAL_PHI,2024,17,REG,DAL,PHI,7.0,41.0,0,0,4.0,0.42857142857142855,0.0,0.46153846153846156,-4.0
2024_17_CAR_TB,2024,17,REG,CAR,TB,14.0,48.0,0,0,0.0,0.2222222222222222,0.0,0.7142857142857143,0.0
2024_17_MIA_CLE,2024,17,REG,MIA,CLE,20.0,3.0,1,0,0.0,0.18181818181818182,2.0,0.4117647058823529,2.0
2024_17_GB_MIN,2024,17,REG,GB,MIN,25.0,27.0,0,0,1.0,0.5714285714285714,1.0,0.5,0.0
2024_17_ATL_WAS,2024,17,REG,ATL,WAS,24.0,30.0,0,0,1.0,0.2,1.0,0.46153846153846156,0.0
2024_17_DET_SF,2024,17,REG,DET,SF,40.0,34.0,1,0,0.0,0.6428571428571429,2.0,0.625,2.0
2024_18_CLE_BAL,2024,18,REG,CLE,BAL,10.0,35.0,0,0,2.0,0.3333333333333333,0.0,0.5,-2.0
2024_18_CIN_PIT,2024,18,REG,CIN,PIT,19.0,17.0,1,0,2.0,0.38461538461538464,1.0,0.3333333333333333,-1.0
2024_18_CAR_ATL,2024,18,REG,CAR,ATL,44.0,38.0,1,0,0.0,0.5833333333333334,1.0,0.6428571428571429,1.0
2024_18_WAS_DAL,2024,18,REG,WAS,DAL,23.0,19.0,1,0,0.0,0.46153846153846156,1.0,0.4117647058823529,1.0
2024_18_CHI_GB,2024,18,REG,CHI,GB,24.0,22.0,1,0,2.0,0.5,2.0,0.3,0.0
2024_18_JAX_IND,2024,18,REG,JAX,IND,23.0,26.0,0,0,1.0,0.35714285714285715,0.0,0.3333333333333333,-1.0
2024_18_BUF_NE,2024,18,REG,BUF,NE,16.0,23.0,0,0,0.0,0.4,1.0,0.3333333333333333,1.0
2024_18_NYG_PHI,2024,18,REG,NYG,PHI,13.0,20.0,0,0,1.0,0.2857142857142857,0.0,0.21428571428571427,-1.0
2024_18_NO_TB,2024,18,REG,NO,TB,19.0,27.0,0,0,0.0,0.23076923076923078,1.0,0.625,1.0
2024_18_HOU_TEN,2024,18,REG,HOU,TEN,23.0,14.0,1,0,1.0,0.4166666666666667,1.0,0.3333333333333333,0.0
2024_18_SF_ARI,2024,18,REG,SF,ARI,24.0,47.0,0,0,3.0,0.38461538461538464,0.0,0.36363636363636365,-3.0
2024_18_KC_DEN,2024,18,REG,KC,DEN,0.0,38.0,0,0,0.0,0.1111111111111111,0.0,0.7142857142857143,0.0
2024_18_SEA_LA,2024,18,REG,SEA,LA,30.0,25.0,1,0,0.0,0.5454545454545454,1.0,0.35714285714285715,1.0
2024_18_LAC_LV,2024,18,REG,LAC,LV,34.0,20.0,1,0,0.0,0.5,1.0,0.2222222222222222,1.0
2024_18_MIA_NYJ,2024,18,REG,MIA,NYJ,20.0,32.0,0,0,4.0,0.25,1.0,0.4166666666666667,-3.0
2024_18_MIN_DET,2024,18,REG,MIN,DET,9.0,31.0,0,0,0.0,0.23076923076923078,2.0,0.4166666666666667,2.0
2024_19_LAC_HOU,2024,19,WC,LAC,HOU,12.0,32.0,0,0,4.0,0.2727272727272727,3.0,0.35714285714285715,-1.0
2024_19_PIT_BAL,2024,19,WC,PIT,BAL,14.0,28.0,0,0,0.0,0.45454545454545453,0.0,0.6666666666666666,0.0
2024_19_DEN_BUF,2024,19,WC,DEN,BUF,7.0,31.0,0,0,0.0,0.2222222222222222,0.0,0.5333333333333333,0.0
2024_19_GB_PHI,2024,19,WC,GB,PHI,10.0,22.0,0,0,4.0,0.5384615384615384,0.0,0.18181818181818182,-4.0
2024_19_WAS_TB,2024,19,WC,WAS,TB,23.0,20.0,1,0,0.0,0.5333333333333333,1.0,0.5555555555555556,1.0
2024_19_MIN_LA,2024,19,WC,MIN,LA,9.0,27.0,0,0,2.0,0.35294117647058826,0.0,0.2,-2.0
2024_20_HOU_KC,2024,20,DIV,HOU,KC,14.0,23.0,0,0,0.0,0.5882352941176471,0.0,0.36363636363636365,0.0
2024_20_WAS_DET,2024,20,DIV,WAS,DET,45.0,31.0,1,0,0.0,0.3333333333333333,5.0,0.3333333333333333,5.0
2024_20_LA_PHI,2024,20,DIV,LA,PHI,22.0,28.0,0,0,2.0,0.375,0.0,0.4,-2.0
2024_20_BAL_BUF,2024,20,DIV,BAL,BUF,25.0,27.0,0,0,3.0,0.7,0.0,0.45454545454545453,-3.0
2024_21_WAS_PHI,2024,21,CON,WAS,PHI,23.0,55.0,0,0,4.0,0.4117647058823529,0.0,0.5,-4.0
2024_21_BUF_KC,2024,21,CON,BUF,KC,29.0,32.0,0,0,0.0,0.35714285714285715,1.0,0.5555555555555556,1.0
2024_22_KC_PHI,2024,22,SB,KC,PHI,22.0,40.0,0,0,3.0,0.2727272727272727,1.0,0.25,-2.0
2025_01_DAL_PHI,2025,1,REG,DAL,PHI,20.0,24.0,0,0,1.0,0.6363636363636364,0.0,0.6153846153846154,-1.0
2025_01_KC_LAC,2025,1,REG,KC,LAC,21.0,27.0,0,0,0.0,0.35714285714285715,0.0,0.5384615384615384,0.0
2025_01_TB_ATL,2025,1,REG,TB,ATL,23.0,20.0,1,0,0.0,0.5,0.0,0.4,0.0
2025_01_CIN_CLE,2025,1,REG,CIN,CLE,17.0,16.0,1,0,0.0,0.5,2.0,0.5625,2.0
2025_01_MIA_IND,2025,1,REG,MIA,IND,8.0,33.0,0,0,3.0,0.5,0.0,0.4666666666666667,-3.0
2025_01_CAR_JAX,2025,1,REG,CAR,JAX,10.0,26.0,0,0,3.0,0.5333333333333333,1.0,0.4166666666666667,-2.0
2025_01_LV_NE,2025,1,REG,LV,NE,20.0,13.0,1,0,1.0,0.38461538461538464,1.0,0.2857142857142857,0.0
2025_01_ARI_NO,2025,1,REG,ARI,NO,20.0,13.0,1,0,0.0,0.46153846153846156,0.0,0.35714285714285715,0.0
2025_01_PIT_NYJ,2025,1,REG,PIT,NYJ,34.0,32.0,1,0,0.0,0.4,1.0,0.5,1.0
2025_01_NYG_WAS,2025,1,REG,NYG,WAS,6.0,21.0,0,0,0.0,0.25,0.0,0.36363636363636365,0.0
2025_01_TEN_DEN,2025,1,REG,TEN,DEN,12.0,20.0,0,0,3.0,0.14285714285714285,3.0,0.4,0.0
2025_01_SF_SEA,2025,1,REG,SF,SEA,17.0,13.0,1,0,2.0,0.5,2.0,0.3,0.0
2025_01_DET_GB,2025,1,REG,DET,GB,13.0,27.0,0,0,1.0,0.3333333333333333,0.0,0.4,-1.0
2025_01_HOU_LA,2025,1,REG,HOU,LA,9.0,14.0,0,0,2.0,0.2222222222222222,1.0,0.5384615384615384,-1.0
2025_01_BAL_BUF,2025,1,REG,BAL,BUF,40.0,41.0,0,0,1.0,0.5454545454545454,0.0,0.4666666666666667,-1.0
2025_01_MIN_CHI,2025,1,REG,MIN,CHI,27.0,24.0,1,0,1.0,0.25,1.0,0.25,0.0
2025_02_WAS_GB,2025,2,REG,WAS,GB,18.0,27.0,0,0,0.0,0.3125,0.0,0.4166666666666667,0.0
2025_02_CLE_BAL,2025,2,REG,CLE,BAL,17.0,41.0,0,0,2.0,0.3888888888888889,0.0,0.25,-2.0
2025_02_JAX_CIN,2025,2,REG,JAX,CIN,27.0,31.0,0,0,2.0,0.46153846153846156,3.0,0.42857142857142855,1.0
2025_02_NYG_DAL,2025,2,REG,NYG,DAL,37.0,40.0,0,0,1.0,0.42857142857142855,1.0,0.42857142857142855,0.0
2025_02_CHI_DET,2025,2,REG,CHI,DET,21.0,52.0,0,0,2.0,0.5384615384615384,0.0,0.4,-2.0
2025_02_NE_MIA,2025,2,REG,NE,MIA,33.0,27.0,1,0,0.0,0.5833333333333334,1.0,0.4,1.0
2025_02_SF_NO,2025,2,REG,SF,NO,26.0,21.0,1,0,1.0,0.5333333333333333,1.0,0.36363636363636365,0.0
2025_02_BUF_NYJ,2025,2,REG,BUF,NYJ,30.0,10.0,1,0,0.0,0.35714285714285715,1.0,0.0,1.0
2025_02_SEA_PIT,2025,2,REG,SEA,PIT,31.0,17.0,1,0,2.0,0.42857142857142855,2.0,0.3333333333333333,0.0
2025_02_LA_TEN,2025,2,REG,LA,TEN,33.0,19.0,1,0,1.0,0.4166666666666667,1.0,0.4,0.0
2025_02_CAR_ARI,2025,2,REG,CAR,ARI,22.0,27.0,0,0,2.0,0.3333333333333333,1.0,0.3333333333333333,-1.0
2025_02_DEN_IND,2025,2,REG,DEN,IND,28.0,29.0,0,0,1.0,0.4444444444444444,0.0,0.46153846153846156,-1.0
2025_02_PHI_KC,2025,2,REG,PHI,KC,20.0,17.0,1,0,0.0,0.35714285714285715,1.0,0.3333333333333333,1.0
2025_02_ATL_MIN,2025,2,REG,ATL,MIN,22.0,6.0,1,0,2.0,0.4,3.0,0.36363636363636365,1.0
2025_02_TB_HOU,2025,2,REG,TB,HOU,20.0,19.0,1,0,0.0,0.42857142857142855,0.0,0.2222222222222222,0.0
2025_02_LAC_LV,2025,2,REG,LAC,LV,20.0,9.0,1,0,1.0,0.36363636363636365,3.0,0.5,2.0
2025_03_MIA_BUF,2025,3,REG,MIA,BUF,21.0,31.0,0,0,1.0,0.6666666666666666,0.0,0.5454545454545454,-1.0
2025_03_ATL_CAR,2025,3,REG,ATL,CAR,0.0,30.0,0,0,4.0,0.38461538461538464,0.0,0.2727272727272727,-4.0
2025_03_GB_CLE,2025,3,REG,GB,CLE,10.0,13.0,0,0,1.0,0.5555555555555556,1.0,0.3076923076923077,0.0
2025_03_HOU_JAX,2025,3,REG,HOU,JAX,10.0,17.0,0,0,3.0,0.26666666666666666,1.0,0.26666666666666666,-2.0
2025_03_CIN_MIN,2025,3,REG,CIN,MIN,10.0,48.0,0,0,5.0,0.2727272727272727,0.0,0.3333333333333333,-5.0
2025_03_PIT_NE,2025,3,REG,PIT,NE,21.0,14.0,1,0,1.0,0.4444444444444444,5.0,0.46153846153846156,4.0
2025_03_LA_PHI,2025,3,REG,LA,PHI,26.0,33.0,0,0,1.0,0.3,1.0,0.35714285714285715,0.0
2025_03_NYJ_TB,2025,3,REG,NYJ,TB,27.0,29.0,0,0,2.0,0.2727272727272727,0.0,0.3076923076923077,-2.0
2025_03_IND_TEN,2025,3,REG,IND,TEN,41.0,20.0,1,0,0.0,0.25,1.0,0.35714285714285715,1.0
2025_03_LV_WAS,2025,3,REG,LV,WAS,24.0,41.0,0,0,0.0,0.21428571428571427,1.0,0.5,1.0
2025_03_DEN_LAC,2025,3,REG,DEN,LAC,20.0,23.0,0,0,0.0,0.15384615384615385,2.0,0.47058823529411764,2.0
2025_03_NO_SEA,2025,3,REG,NO,SEA,13.0,44.0,0,0,1.0,0.3333333333333333,1.0,0.3333333333333333,0.0
2025_03_DAL_CHI,2025,3,REG,DAL,CHI,14.0,31.0,0,0,4.0,0.2727272727272727,0.0,0.5714285714285714,-4.0
2025_03_ARI_SF,2025,3,REG,ARI,SF,15.0,16.0,0,0,0.0,0.3333333333333333,1.0,0.2,1.0
2025_03_KC_NYG,2025,3,REG,KC,NYG,22.0,9.0,1,0,0.0,0.5333333333333333,2.0,0.1,2.0
2025_03_DET_BAL,2025,3,REG,DET,BAL,38.0,30.0,1,0,0.0,0.5,1.0,0.5454545454545454,1.0
2025_04_SEA_ARI,2025,4,REG,SEA,ARI,23.0,20.0,1,0,0.0,0.46153846153846156,3.0,0.4,3.0
2025_04_MIN_PIT,2025,4,REG,MIN,PIT,21.0,24.0,0,0,2.0,0.2857142857142857,0.0,0.4,-2.0
2025_04_WAS_ATL,2025,4,REG,WAS,ATL,27.0,34.0,0,0,1.0,0.125,1.0,0.5,0.0
2025_04_NO_BUF,2025,4,REG,NO,BUF,19.0,31.0,0,0,1.0,0.38461538461538464,1.0,0.3,0.0
2025_04_CLE_DET,2025,4,REG,CLE,DET,10.0,34.0,0,0,3.0,0.21428571428571427,1.0,0.42857142857142855,-2.0
2025_04_TEN_HOU,2025,4,REG,TEN,HOU,0.0,26.0,0,0,1.0,0.18181818181818182,0.0,0.4,-1.0
2025_04_CAR_NE,2025,4,REG,CAR,NE,13.0,42.0,0,0,0.0,0.35714285714285715,0.0,0.3333333333333333,0.0
2025_04_LAC_NYG,2025,4,REG,LAC,NYG,18.0,21.0,0,0,2.0,0.3333333333333333,0.0,0.4666666666666667,-2.0
2025_04_PHI_TB,2025,4,REG,PHI,TB,31.0,25.0,1,0,0.0,0.35714285714285715,2.0,0.23076923076923078,2.0
2025_04_IND_LA,2025,4,REG,IND,LA,20.0,27.0,0,0,3.0,0.3333333333333333,1.0,0.3333333333333333,-2.0
2025_04_JAX_SF,2025,4,REG,JAX,SF,26.0,21.0,1,0,0.0,0.2857142857142857,4.0,0.6153846153846154,4.0
2025_04_BAL_KC,2025,4,REG,BAL,KC,20.0,37.0,0,0,2.0,0.3,0.0,0.3333333333333333,-2.0
2025_04_CHI_LV,2025,4,REG,CHI,LV,25.0,24.0,1,0,1.0,0.4375,4.0,0.25,3.0
2025_04_GB_DAL,2025,4,REG,GB,DAL,40.0,40.0,0,1,1.0,0.7142857142857143,0.0,0.36363636363636365,-1.0
2025_04_NYJ_MIA,2025,4,REG,NYJ,MIA,21.0,27.0,0,0,3.0,0.4444444444444444,0.0,0.3333333333333333,-3.0
2025_04_CIN_DEN,2025,4,REG,CIN,DEN,3.0,28.0,0,0,0.0,0.18181818181818182,1.0,0.5714285714285714,1.0
2025_05_SF_LA,2025,5,REG,SF,LA,26.0,23.0,1,0,0.0,0.3888888888888889,2.0,0.4,2.0
2025_05_MIN_CLE,2025,5,REG,MIN,CLE,21.0,17.0,1,0,2.0,0.3333333333333333,0.0,0.2,-2.0
2025_05_HOU_BAL,2025,5,REG,HOU,BAL,44.0,10.0,1,0,0.0,0.5833333333333334,3.0,0.375,3.0
2025_05_MIA_CAR,2025,5,REG,MIA,CAR,24.0,27.0,0,0,0.0,0.38461538461538464,2.0,0.45454545454545453,2.0
2025_05_LV_IND,2025,5,REG,LV,IND,6.0,40.0,0,0,2.0,0.5714285714285714,0.0,0.8,-2.0
2025_05_NYG_NO,2025,5,REG,NYG,NO,14.0,26.0,0,0,5.0,0.3,0.0,0.4666666666666667,-5.0
2025_05_DAL_NYJ,2025,5,REG,DAL,NYJ,37.0,22.0,1,0,0.0,0.46153846153846156,1.0,0.4375,1.0
2025_05_DEN_PHI,2025,5,REG,DEN,PHI,21.0,17.0,1,0,0.0,0.3125,0.0,0.18181818181818182,0.0
2025_05_TEN_ARI,2025,5,REG,TEN,ARI,22.0,21.0,1,0,3.0,0.3333333333333333,2.0,0.4375,-1.0
2025_05_TB_SEA,2025,5,REG,TB,SEA,38.0,35.0,1,0,0.0,0.6363636363636364,2.0,0.6666666666666666,2.0
2025_05_DET_CIN,2025,5,REG,DET,CIN,37.0,24.0,1,0,1.0,0.25,3.0,0.36363636363636365,2.0
2025_05_WAS_LAC,2025,5,REG,WAS,LAC,27.0,10.0,1,0,1.0,0.2857142857142857,2.0,0.5625,1.0
2025_05_NE_BUF,2025,5,REG,NE,BUF,23.0,20.0,1,0,1.0,0.3333333333333333,3.0,0.5555555555555556,2.0
2025_05_KC_JAX,2025,5,REG,KC,JAX,28.0,31.0,0,0,1.0,0.5555555555555556,2.0,0.5555555555555556,1.0
2025_06_PHI_NYG,2025,6,REG,PHI,NYG,17.0,34.0,0,0,2.0,0.1111111111111111,0.0,0.6875,-2.0
2025_06_DEN_NYJ,2025,6,REG,DEN,NYJ,13.0,11.0,1,0,1.0,0.3333333333333333,0.0,0.13333333333333333,-1.0
2025_06_LA_BAL,2025,6,REG,LA,BAL,17.0,3.0,1,0,1.0,0.4,3.0,0.4117647058823529,2.0
2025_06_DAL_CAR,2025,6,REG,DAL,CAR,27.0,30.0,0,0,0.0,0.4166666666666667,1.0,0.375,1.0
2025_06_ARI_IND,2025,6,REG,ARI,IND,27.0,31.0,0,0,1.0,0.6428571428571429,1.0,0.5,0.0
2025_06_SEA_JAX,2025,6,REG,SEA,JAX,20.0,12.0,1,0,0.0,0.08333333333333333,0.0,0.25,0.0
2025_06_LAC_MIA,2025,6,REG,LAC,MIA,29.0,27.0,1,0,1.0,0.4,3.0,0.45454545454545453,2.0
2025_06_NE_NO,2025,6,REG,NE,NO,25.0,19.0,1,0,0.0,0.46153846153846156,1.0,0.3333333333333333,1.0
2025_06_CLE_PIT,2025,6,REG,CLE,PIT,9.0,23.0,0,0,0.0,0.35294117647058826,0.0,0.38461538461538464,0.0
2025_06_TEN_LV,2025,6,REG,TEN,LV,10.0,20.0,0,0,3.0,0.23076923076923078,1.0,0.46153846153846156,-2.0
2025_06_CIN_GB,2025,6,REG,CIN,GB,18.0,27.0,0,0,0.0,0.4,1.0,0.45454545454545453,1.0
2025_06_SF_TB,2025,6,REG,SF,TB,19.0,30.0,0,0,2.0,0.4375,0.0,0.375,-2.0
2025_06_DET_KC,2025,6,REG,DET,KC,17.0,30.0,0,0,0.0,0.45454545454545453,0.0,0.4,0.0
2025_06_BUF_ATL,2025,6,REG,BUF,ATL,14.0,24.0,0,0,2.0,0.2222222222222222,0.0,0.4166666666666667,-2.0
2025_06_CHI_WAS,2025,6,REG,CHI,WAS,25.0,24.0,1,0,0.0,0.3,3.0,0.375,3.0
2025_07_PIT_CIN,2025,7,REG,PIT,CIN,31.0,33.0,0,0,2.0,0.7,0.0,0.5,-2.0
2025_07_LA_JAX,2025,7,REG,LA,JAX,35.0,7.0,1,0,0.0,0.2,0.0,0.2,0.0
2025_07_NO_CHI,2025,7,REG,NO,CHI,14.0,26.0,0,0,4.0,0.3,1.0,0.25,-3.0
2025_07_MIA_CLE,2025,7,REG,MIA,CLE,6.0,31.0,0,0,4.0,0.07692307692307693,0.0,0.36363636363636365,-4.0
2025_07_LV_KC,2025,7,REG,LV,KC,0.0,31.0,0,0,1.0,0.0,0.0,0.6,-1.0
2025_07_PHI_MIN,2025,7,REG,PHI,MIN,28.0,22.0,1,0,0.0,0.3,2.0,0.4666666666666667,2.0
2025_07_CAR_NYJ,2025,7,REG,CAR,NYJ,13.0,6.0,1,0,0.0,0.29411764705882354,2.0,0.4666666666666667,2.0
2025_07_NE_TEN,2025,7,REG,NE,TEN,31.0,13.0,1,0,0.0,0.4166666666666667,2.0,0.3,2.0
2025_07_NYG_DEN,2025,7,REG,NYG,DEN,32.0,33.0,0,0,1.0,0.4,0.0,0.3076923076923077,-1.0
2025_07_IND_LAC,2025,7,REG,IND,LAC,38.0,24.0,1,0,0.0,0.45454545454545453,2.0,0.5,2.0
2025_07_GB_ARI,2025,7,REG,GB,ARI,27.0,23.0,1,0,0.0,0.3,1.0,0.5,1.0
2025_07_WAS_DAL,2025,7,REG,WAS,DAL,22.0,44.0,0,0,2.0,0.4375,0.0,0.5,-2.0
2025_07_ATL_SF,2025,7,REG,ATL,SF,10.0,20.0,0,0,1.0,0.45454545454545453,1.0,0.6,0.0
2025_07_TB_DET,2025,7,REG,TB,DET,9.0,24.0,0,0,2.0,0.25,2.0,0.23076923076923078,0.0
2025_07_HOU_SEA,2025,7,REG,HOU,SEA,19.0,27.0,0,0,1.0,0.13333333333333333,4.0,0.14285714285714285,3.0
2025_08_MIN_LAC,2025,8,REG,MIN,LAC,10.0,37.0,0,0,1.0,0.2727272727272727,1.0,0.6923076923076923,0.0
2025_08_MIA_ATL,2025,8,REG,MIA,ATL,34.0,10.0,1,0,0.0,0.46153846153846156,1.0,0.18181818181818182,1.0
2025_08_CHI_BAL,2025,8,REG,CHI,BAL,16.0,30.0,0,0,1.0,0.46153846153846156,0.0,0.4,-1.0
2025_08_BUF_CAR,2025,8,REG,BUF,CAR,40.0,9.0,1,0,0.0,0.5833333333333334,3.0,0.36363636363636365,3.0
2025_08_NYJ_CIN,2025,8,REG,NYJ,CIN,39.0,38.0,1,0,0.0,0.4666666666666667,0.0,0.4444444444444444,0.0
2025_08_SF_HOU,2025,8,REG,SF,HOU,15.0,26.0,0,0,1.0,0.3333333333333333,1.0,0.5625,0.0
2025_08_CLE_NE,2025,8,REG,CLE,NE,13.0,32.0,0,0,2.0,0.18181818181818182,2.0,0.2727272727272727,0.0
2025_08_NYG_PHI,2025,8,REG,NYG,PHI,20.0,38.0,0,0,0.0,0.4166666666666667,0.0,0.25,0.0
2025_08_TB_NO,2025,8,REG,TB,NO,23.0,3.0,1,0,1.0,0.23076923076923078,4.0,0.5,3.0
2025_08_DAL_DEN,2025,8,REG,DAL,DEN,24.0,44.0,0,0,2.0,0.36363636363636365,1.0,0.625,-1.0
2025_08_TEN_IND,2025,8,REG,TEN,IND,14.0,38.0,0,0,1.0,0.4,0.0,0.3333333333333333,-1.0
2025_08_GB_PIT,2025,8,REG,GB,PIT,35.0,25.0,1,0,0.0,0.4166666666666667,1.0,0.1,1.0
2025_08_WAS_KC,2025,8,REG,WAS,KC,7.0,28.0,0,0,2.0,0.5833333333333334,2.0,0.4,0.0
2025_09_BAL_MIA,2025,9,REG,BAL,MIA,28.0,6.0,1,0,0.0,0.38461538461538464,3.0,0.16666666666666666,3.0
2025_09_CHI_CIN,2025,9,REG,CHI,CIN,47.0,42.0,1,0,0.0,0.5333333333333333,3.0,0.5,3.0
2025_09_MIN_DET,2025,9,REG,MIN,DET,27.0,24.0,1,0,1.0,0.3333333333333333,1.0,0.29411764705882354,0.0
2025_09_CAR_GB,2025,9,REG,CAR,GB,16.0,13.0,1,0,1.0,0.4,2.0,0.5384615384615384,1.0
2025_09_DEN_HOU,2025,9,REG,DEN,HOU,18.0,15.0,1,0,1.0,0.4,1.0,0.17647058823529413,0.0
2025_09_ATL_NE,2025,9,REG,ATL,NE,23.0,24.0,0,0,0.0,0.1,2.0,0.6666666666666666,2.0
2025_09_SF_NYG,2025,9,REG,SF,NYG,34.0,24.0,1,0,1.0,0.5454545454545454,0.0,0.4166666666666667,-1.0
2025_09_IND_PIT,2025,9,REG,IND,PIT,20.0,27.0,0,0,5.0,0.42857142857142855,2.0,0.3333333333333333,-3.0
2025_09_LAC_TEN,2025,9,REG,LAC,TEN,27.0,20.0,1,0,1.0,0.5384615384615384,0.0,0.1111111111111111,-1.0
2025_09_NO_LA,2025,9,REG,NO,LA,10.0,34.0,0,0,2.0,0.2222222222222222,0.0,0.5,-2.0
2025_09_JAX_LV,2025,9,REG,JAX,LV,30.0,29.0,1,0,1.0,0.5625,1.0,0.7,0.0
2025_09_KC_BUF,2025,9,REG,KC,BUF,21.0,28.0,0,0,1.0,0.23076923076923078,0.0,0.5833333333333334,-1.0
2025_09_SEA_WAS,2025,9,REG,SEA,WAS,38.0,14.0,1,0,1.0,0.6363636363636364,2.0,0.46153846153846156,1.0
2025_09_ARI_DAL,2025,9,REG,ARI,DAL,27.0,17.0,1,0,0.0,0.5384615384615384,3.0,0.4166666666666667,3.0
2025_10_LV_DEN,2025,10,REG,LV,DEN,7.0,10.0,0,0,1.0,0.26666666666666666,2.0,0.3333333333333333,1.0
2025_10_ATL_IND,2025,10,REG,ATL,IND,25.0,31.0,0,0,1.0,0.0,2.0,0.16666666666666666,1.0
2025_10_NO_CAR,2025,10,REG,NO,CAR,17.0,7.0,1,0,0.0,0.47058823529411764,3.0,0.3333333333333333,3.0
2025_10_NYG_CHI,2025,10,REG,NYG,CHI,20.0,24.0,0,0,1.0,0.35714285714285715,0.0,0.2727272727272727,-1.0
2025_10_JAX_HOU,2025,10,REG,JAX,HOU,29.0,36.0,0,0,2.0,0.36363636363636365,2.0,0.6666666666666666,0.0
2025_10_BUF_MIA,2025,10,REG,BUF,MIA,13.0,30.0,0,0,3.0,0.3333333333333333,2.0,0.3333333333333333,-1.0
2025_10_BAL_MIN,2025,10,REG,BAL,MIN,27.0,19.0,1,0,0.0,0.4,3.0,0.21428571428571427,3.0
2025_10_CLE_NYJ,2025,10,REG,CLE,NYJ,20.0,27.0,0,0,0.0,0.375,1.0,0.2727272727272727,1.0
2025_10_NE_TB,2025,10,REG,NE,TB,28.0,23.0,1,0,1.0,0.35714285714285715,0.0,0.38461538461538464,-1.0
2025_10_ARI_SEA,2025,10,REG,ARI,SEA,22.0,44.0,0,0,2.0,0.375,3.0,0.6,1.0
2025_10_LA_SF,2025,10,REG,LA,SF,42.0,26.0,1,0,0.0,0.5555555555555556,2.0,0.375,2.0
2025_10_DET_WAS,2025,10,REG,DET,WAS,44.0,22.0,1,0,0.0,0.5,0.0,0.2,0.0
2025_10_PIT_LAC,2025,10,REG,PIT,LAC,10.0,25.0,0,0,2.0,0.18181818181818182,1.0,0.35294117647058826,-1.0
2025_10_PHI_GB,2025,10,REG,PHI,GB,10.0,7.0,1,0,1.0,0.4375,2.0,0.38461538461538464,1.0
2025_11_NYJ_NE,2025,11,REG,NYJ,NE,14.0,27.0,0,0,1.0,0.5714285714285714,0.0,0.5,-1.0
2025_11_WAS_MIA,2025,11,REG,WAS,MIA,13.0,16.0,0,0,1.0,0.46153846153846156,1.0,0.3333333333333333,0.0
2025_11_CAR_ATL,2025,11,REG,CAR,ATL,30.0,27.0,1,0,0.0,0.35294117647058826,1.0,0.36363636363636365,1.0
2025_11_TB_BUF,2025,11,REG,TB,BUF,32.0,44.0,0,0,3.0,0.5625,2.0,0.5454545454545454,-1.0
2025_11_LAC_JAX,2025,11,REG,LAC,JAX,6.0,35.0,0,0,1.0,0.25,1.0,0.5,0.0
2025_11_CHI_MIN,2025,11,REG,CHI,MIN,19.0,17.0,1,0,0.0,0.3888888888888889,2.0,0.2727272727272727,2.0
2025_11_GB_NYG,2025,11,REG,GB,NYG,27.0,20.0,1,0,0.0,0.6363636363636364,2.0,0.5,2.0
2025_11_CIN_PIT,2025,11,REG,CIN,PIT,12.0,34.0,0,0,2.0,0.4666666666666667,0.0,0.5384615384615384,-2.0
2025_11_HOU_TEN,2025,11,REG,HOU,TEN,16.0,13.0,1,0,0.0,0.3076923076923077,1.0,0.4,1.0
2025_11_SF_ARI,2025,11,REG,SF,ARI,41.0,22.0,1,0,0.0,0.3333333333333333,3.0,0.42857142857142855,3.0
2025_11_SEA_LA,2025,11,REG,SEA,LA,19.0,21.0,0,0,4.0,0.4375,1.0,0.18181818181818182,-3.0
2025_11_BAL_CLE,2025,11,REG,BAL,CLE,23.0,16.0,1,0,2.0,0.38461538461538464,2.0,0.14285714285714285,0.0
2025_11_KC_DEN,2025,11,REG,KC,DEN,19.0,22.0,0,0,1.0,0.38461538461538464,0.0,0.4666666666666667,-1.0
2025_11_DET_PHI,2025,11,REG,DET,PHI,9.0,16.0,0,0,1.0,0.23076923076923078,0.0,0.26666666666666666,-1.0
2025_11_DAL_LV,2025,11,REG,DAL,LV,33.0,16.0,1,0,1.0,0.4,1.0,0.25,0.0
2025_12_BUF_HOU,2025,12,REG,BUF,HOU,19.0,23.0,0,0,3.0,0.3125,0.0,0.16666666666666666,-3.0
2025_12_NYJ_BAL,2025,12,REG,NYJ,BAL,10.0,23.0,0,0,2.0,0.36363636363636365,0.0,0.18181818181818182,-2.0
2025_12_PIT_CHI,2025,12,REG,PIT,CHI,28.0,31.0,0,0,2.0,0.5714285714285714,2.0,0.5384615384615384,0.0
2025_12_NE_CIN,2025,12,REG,NE,CIN,26.0,20.0,1,0,1.0,0.38461538461538464,1.0,0.23076923076923078,0.0
2025_12_NYG_DET,2025,12,REG,NYG,DET,27.0,34.0,0,0,1.0,0.5,1.0,0.4166666666666667,0.0
2025_12_MIN_GB,2025,12,REG,MIN,GB,6.0,23.0,0,0,2.0,0.2222222222222222,1.0,0.5,-1.0
2025_12_IND_KC,2025,12,REG,IND,KC,20.0,23.0,0,0,0.0,0.38461538461538464,2.0,0.4375,2.0
2025_12_SEA_TEN,2025,12,REG,SEA,TEN,30.0,24.0,1,0,0.0,0.2857142857142857,0.0,0.35294117647058826,0.0
2025_12_JAX_ARI,2025,12,REG,JAX,ARI,27.0,24.0,1,0,4.0,0.2727272727272727,0.0,0.3125,-4.0
2025_12_CLE_LV,2025,12,REG,CLE,LV,24.0,10.0,1,0,2.0,0.25,1.0,0.23529411764705882,-1.0
2025_12_PHI_DAL,2025,12,REG,PHI,DAL,21.0,24.0,0,0,1.0,0.4166666666666667,3.0,0.4166666666666667,2.0
2025_12_ATL_NO,2025,12,REG,ATL,NO,24.0,10.0,1,0,1.0,0.25,2.0,0.3125,1.0
2025_12_TB_LA,2025,12,REG,TB,LA,7.0,34.0,0,0,2.0,0.4117647058823529,0.0,0.4,-2.0
2025_12_CAR_SF,2025,12,REG,CAR,SF,9.0,20.0,0,0,2.0,0.14285714285714285,3.0,0.5384615384615384,1.0
2025_13_GB_DET,2025,13,REG,GB,DET,31.0,24.0,1,0,0.0,0.5,0.0,0.6153846153846154,0.0
2025_13_KC_DAL,2025,13,REG,KC,DAL,28.0,31.0,0,0,0.0,0.38461538461538464,1.0,0.5625,1.0
2025_13_CIN_BAL,2025,13,REG,CIN,BAL,32.0,14.0,1,0,1.0,0.42105263157894735,5.0,0.3,4.0
2025_13_CHI_PHI,2025,13,REG,CHI,PHI,24.0,15.0,1,0,1.0,0.5882352941176471,2.0,0.3333333333333333,1.0
2025_13_LA_CAR,2025,13,REG,LA,CAR,28.0,31.0,0,0,3.0,0.4,0.0,0.4666666666666667,-3.0
2025_13_SF_CLE,2025,13,REG,SF,CLE,26.0,8.0,1,0,1.0,0.6470588235294118,1.0,0.2727272727272727,0.0
2025_13_HOU_IND,2025,13,REG,HOU,IND,20.0,16.0,1,0,1.0,0.46153846153846156,0.0,0.3,-1.0
2025_13_NO_MIA,2025,13,REG,NO,MIA,17.0,21.0,0,0,2.0,0.3333333333333333,1.0,0.3333333333333333,-1.0
2025_13_ATL_NYJ,2025,13,REG,ATL,NYJ,24.0,27.0,0,0,0.0,0.3333333333333333,1.0,0.4375,1.0
2025_13_ARI_TB,2025,13,REG,ARI,TB,17.0,20.0,0,0,2.0,0.375,0.0,0.4375,-2.0
2025_13_JAX_TEN,2025,13,REG,JAX,TEN,25.0,3.0,1,0,0.0,0.23076923076923078,2.0,0.16666666666666666,2.0
2025_13_MIN_SEA,2025,13,REG,MIN,SEA,0.0,26.0,0,0,6.0,0.2,1.0,0.4,-5.0
2025_13_LV_LAC,2025,13,REG,LV,LAC,14.0,31.0,0,0,1.0,0.25,1.0,0.7058823529411765,0.0
2025_13_BUF_PIT,2025,13,REG,BUF,PIT,26.0,7.0,1,0,2.0,0.5333333333333333,2.0,0.3333333333333333,0.0
2025_13_DEN_WAS,2025,13,REG,DEN,WAS,27.0,26.0,1,0,1.0,0.4666666666666667,1.0,0.47058823529411764,0.0
2025_13_NYG_NE,2025,13,REG,NYG,NE,15.0,33.0,0,0,1.0,0.36363636363636365,0.0,0.46153846153846156,-1.0
2025_14_DAL_DET,2025,14,REG,DAL,DET,30.0,44.0,0,0,3.0,0.4,0.0,0.375,-3.0
2025_14_SEA_ATL,2025,14,REG,SEA,ATL,37.0,9.0,1,0,1.0,0.46153846153846156,3.0,0.07692307692307693,2.0
2025_14_PIT_BAL,2025,14,REG,PIT,BAL,27.0,22.0,1,0,0.0,0.42857142857142855,1.0,0.3888888888888889,1.0
2025_14_TEN_CLE,2025,14,REG,TEN,CLE,31.0,29.0,1,0,1.0,0.35294117647058826,2.0,0.42857142857142855,1.0
2025_14_CHI_GB,2025,14,REG,CHI,GB,21.0,28.0,0,0,1.0,0.5,1.0,0.6666666666666666,0.0
2025_14_IND_JAX,2025,14,REG,IND,JAX,19.0,36.0,0,0,3.0,0.5454545454545454,1.0,0.4666666666666667,-2.0
2025_14_WAS_MIN,2025,14,REG,WAS,MIN,0.0,31.0,0,0,3.0,0.3,0.0,0.5454545454545454,-3.0
2025_14_MIA_NYJ,2025,14,REG,MIA,NYJ,34.0,10.0,1,0,0.0,0.2,3.0,0.08333333333333333,3.0
2025_14_NO_TB,2025,14,REG,NO,TB,24.0,20.0,1,0,1.0,0.45454545454545453,1.0,0.23076923076923078,0.0
2025_14_DEN_LV,2025,14,REG,DEN,LV,24.0,17.0,1,0,0.0,0.5833333333333334,0.0,0.3333333333333333,0.0
2025_14_LA_ARI,2025,14,REG,LA,ARI,45.0,17.0,1,0,0.0,0.375,1.0,0.3333333333333333,1.0
2025_14_CIN_BUF,2025,14,REG,CIN,BUF,34.0,39.0,0,0,2.0,0.8333333333333334,1.0,0.5454545454545454,-1.0
2025_14_HOU_KC,2025,14,REG,HOU,KC,20.0,10.0,1,0,0.0,0.4444444444444444,3.0,0.2857142857142857,3.0
2025_14_PHI_LAC,2025,14,REG,PHI,LAC,19.0,22.0,0,0,5.0,0.3076923076923077,2.0,0.3684210526315789,-3.0
2025_15_ATL_TB,2025,15,REG,ATL,TB,29.0,28.0,1,0,1.0,0.45454545454545453,1.0,0.4444444444444444,0.0
2025_15_CLE_CHI,2025,15,REG,CLE,CHI,3.0,31.0,0,0,3.0,0.2857142857142857,0.0,0.38461538461538464,-3.0
2025_15_BAL_CIN,2025,15,REG,BAL,CIN,24.0,0.0,1,0,1.0,0.2857142857142857,2.0,0.2,1.0
2025_15_ARI_HOU,2025,15,REG,ARI,HOU,20.0,40.0,0,0,2.0,0.4166666666666667,0.0,0.5384615384615384,-2.0
2025_15_NYJ_JAX,2025,15,REG,NYJ,JAX,20.0,48.0,0,0,3.0,0.5333333333333333,1.0,0.4444444444444444,-2.0
2025_15_LAC_KC,2025,15,REG,LAC,KC,16.0,13.0,1,0,1.0,0.35714285714285715,2.0,0.46153846153846156,1.0
2025_15_BUF_NE,2025,15,REG,BUF,NE,35.0,31.0,1,0,0.0,0.5714285714285714,1.0,0.5,1.0
2025_15_WAS_NYG,2025,15,REG,WAS,NYG,29.0,21.0,1,0,2.0,0.2727272727272727,1.0,0.16666666666666666,-1.0
2025_15_LV_PHI,2025,15,REG,LV,PHI,0.0,31.0,0,0,1.0,0.25,0.0,0.7692307692307693,-1.0
2025_15_GB_DEN,2025,15,REG,GB,DEN,26.0,34.0,0,0,2.0,0.46153846153846156,1.0,0.36363636363636365,-1.0
2025_15_DET_LA,2025,15,REG,DET,LA,34.0,41.0,0,0,0.0,0.35714285714285715,1.0,0.2222222222222222,1.0
2025_15_CAR_NO,2025,15,REG,CAR,NO,17.0,20.0,0,0,1.0,0.5,0.0,0.5454545454545454,-1.0
2025_15_IND_SEA,2025,15,REG,IND,SEA,16.0,18.0,0,0,1.0,0.38461538461538464,0.0,0.15384615384615385,-1.0
2025_15_TEN_SF,2025,15,REG,TEN,SF,24.0,37.0,0,0,0.0,0.3333333333333333,1.0,0.6,1.0
2025_15_MIN_DAL,2025,15,REG,MIN,DAL,34.0,26.0,1,0,1.0,0.2222222222222222,0.0,0.16666666666666666,-1.0
2025_15_MIA_PIT,2025,15,REG,MIA,PIT,15.0,28.0,0,0,1.0,0.25,0.0,0.3076923076923077,-1.0
2025_16_LA_SEA,2025,16,REG,LA,SEA,37.0,38.0,0,0,0.0,0.4,3.0,0.36363636363636365,3.0
2025_16_GB_CHI,2025,16,REG,GB,CHI,16.0,22.0,0,0,1.0,0.5,0.0,0.18181818181818182,-1.0
2025_16_PHI_WAS,2025,16,REG,PHI,WAS,29.0,18.0,1,0,1.0,0.4444444444444444,1.0,0.2,0.0
2025_16_NE_BAL,2025,16,REG,NE,BAL,28.0,24.0,1,0,2.0,0.3333333333333333,2.0,0.6363636363636364,0.0
2025_16_TB_CAR,2025,16,REG,TB,CAR,20.0,23.0,0,0,1.0,0.5714285714285714,0.0,0.5,-1.0
2025_16_BUF_CLE,2025,16,REG,BUF,CLE,23.0,20.0,1,0,0.0,0.25,2.0,0.5714285714285714,2.0
2025_16_LAC_DAL,2025,16,REG,LAC,DAL,34.0,17.0,1,0,0.0,0.6363636363636364,1.0,0.4444444444444444,1.0
2025_16_NYJ_NO,2025,16,REG,NYJ,NO,6.0,29.0,0,0,2.0,0.13333333333333333,1.0,0.47058823529411764,-1.0
2025_16_MIN_NYG,2025,16,REG,MIN,NYG,16.0,13.0,1,0,2.0,0.5833333333333334,1.0,0.2,-1.0
2025_16_KC_TEN,2025,16,REG,KC,TEN,9.0,26.0,0,0,0.0,0.1111111111111111,0.0,0.5294117647058824,0.0
2025_16_ATL_ARI,2025,16,REG,ATL,ARI,26.0,19.0,1,0,2.0,0.5,1.0,0.5384615384615384,-1.0
2025_16_JAX_DEN,2025,16,REG,JAX,DEN,34.0,20.0,1,0,0.0,0.5333333333333333,2.0,0.35714285714285715,2.0
2025_16_PIT_DET,2025,16,REG,PIT,DET,29.0,24.0,1,0,1.0,0.5,0.0,0.4,-1.0
2025_16_LV_HOU,2025,16,REG,LV,HOU,21.0,23.0,0,0,1.0,0.42857142857142855,0.0,0.4666666666666667,-1.0
2025_16_CIN_MIA,2025,16,REG,CIN,MIA,45.0,21.0,1,0,0.0,0.5,3.0,0.2,3.0
2025_16_SF_IND,2025,16,REG,SF,IND,48.0,27.0,1,0,1.0,0.6363636363636364,2.0,0.5,1.0
2025_17_DAL_WAS,2025,17,REG,DAL,WAS,30.0,23.0,1,0,0.0,0.4,0.0,0.16666666666666666,0.0
2025_17_DET_MIN,2025,17,REG,DET,MIN,10.0,23.0,0,0,6.0,0.35714285714285715,0.0,0.23076923076923078,-6.0
2025_17_DEN_KC,2025,17,REG,DEN,KC,20.0,13.0,1,0,1.0,0.6111111111111112,0.0,0.36363636363636365,-1.0
2025_17_SEA_CAR,2025,17,REG,SEA,CAR,27.0,10.0,1,0,2.0,0.5625,2.0,0.09090909090909091,0.0
2025_17_ARI_CIN,2025,17,REG,ARI,CIN,14.0,37.0,0,0,0.0,0.23076923076923078,0.0,0.6666666666666666,0.0
2025_17_PIT_CLE,2025,17,REG,PIT,CLE,6.0,13.0,0,0,0.0,0.2,2.0,0.36363636363636365,2.0
2025_17_BAL_GB,2025,17,REG,BAL,GB,41.0,24.0,1,0,0.0,0.7142857142857143,2.0,0.5,2.0
2025_17_JAX_IND,2025,17,REG,JAX,IND,23.0,17.0,1,0,2.0,0.5,2.0,0.36363636363636365,0.0
2025_17_HOU_LAC,2025,17,REG,HOU,LAC,20.0,16.0,1,0,2.0,0.2727272727272727,1.0,0.4,-1.0
2025_17_NYG_LV,2025,17,REG,NYG,LV,34.0,10.0,1,0,0.0,0.46153846153846156,2.0,0.23076923076923078,2.0
2025_17_TB_MIA,2025,17,REG,TB,MIA,17.0,20.0,0,0,3.0,0.46153846153846156,0.0,0.3333333333333333,-3.0
2025_17_NE_NYJ,2025,17,REG,NE,NYJ,42.0,10.0,1,0,0.0,0.4444444444444444,1.0,0.3125,1.0
2025_17_NO_TEN,2025,17,REG,NO,TEN,34.0,26.0,1,0,1.0,0.45454545454545453,1.0,0.3333333333333333,0.0
2025_17_PHI_BUF,2025,17,REG,PHI,BUF,13.0,12.0,1,0,0.0,0.23076923076923078,1.0,0.4,1.0
2025_17_CHI_SF,2025,17,REG,CHI,SF,38.0,42.0,0,0,0.0,0.5,1.0,0.7,1.0
2025_17_LA_ATL,2025,17,REG,LA,ATL,24.0,27.0,0,0,3.0,0.38461538461538464,0.0,0.38461538461538464,-3.0
2025_18_NO_ATL,2025,18,REG,NO,ATL,17.0,19.0,0,0,2.0,0.3125,1.0,0.2857142857142857,-1.0
2025_18_NYJ_BUF,2025,18,REG,NYJ,BUF,8.0,35.0,0,0,0.0,0.38461538461538464,0.0,0.46153846153846156,0.0
2025_18_DET_CHI,2025,18,REG,DET,CHI,19.0,16.0,1,0,1.0,0.46153846153846156,1.0,0.36363636363636365,0.0
2025_18_CLE_CIN,2025,18,REG,CLE,CIN,20.0,18.0,1,0,1.0,0.35714285714285715,2.0,0.45454545454545453,1.0
2025_18_LAC_DEN,2025,18,REG,LAC,DEN,3.0,19.0,0,0,2.0,0.35,0.0,0.3333333333333333,-2.0
2025_18_IND_HOU,2025,18,REG,IND,HOU,30.0,38.0,0,0,3.0,0.5333333333333333,0.0,0.3076923076923077,-3.0
2025_18_TEN_JAX,2025,18,REG,TEN,JAX,7.0,41.0,0,0,1.0,0.2857142857142857,0.0,0.4444444444444444,-1.0
2025_18_ARI_LA,2025,18,REG,ARI,LA,20.0,37.0,0,0,2.0,0.36363636363636365,0.0,0.5625,-2.0
2025_18_KC_LV,2025,18,REG,KC,LV,12.0,14.0,0,0,2.0,0.17647058823529413,2.0,0.25,0.0
2025_18_GB_MIN,2025,18,REG,GB,MIN,3.0,16.0,0,0,0.0,0.25,1.0,0.2,1.0
2025_18_MIA_NE,2025,18,REG,MIA,NE,10.0,38.0,0,0,2.0,0.38461538461538464,0.0,0.5,-2.0
2025_18_DAL_NYG,2025,18,REG,DAL,NYG,17.0,34.0,0,0,2.0,0.25,1.0,0.5714285714285714,-1.0
2025_18_WAS_PHI,2025,18,REG,WAS,PHI,24.0,17.0,1,0,2.0,0.5454545454545454,1.0,0.42857142857142855,-1.0
2025_18_BAL_PIT,2025,18,REG,BAL,PIT,24.0,26.0,0,0,1.0,0.3333333333333333,0.0,0.5625,-1.0
2025_18_SEA_SF,2025,18,REG,SEA,SF,13.0,3.0,1,0,0.0,0.46153846153846156,1.0,0.2222222222222222,1.0
2025_18_CAR_TB,2025,18,REG,CAR,TB,14.0,16.0,0,0,3.0,0.125,1.0,0.5333333333333333,-2.0
2025_19_GB_CHI,2025,19,WC,GB,CHI,27.0,31.0,0,0,0.0,0.4,2.0,0.5263157894736842,2.0
2025_19_BUF_JAX,2025,19,WC,BUF,JAX,27.0,24.0,1,0,1.0,0.5,2.0,0.5555555555555556,1.0
2025_19_SF_PHI,2025,19,WC,SF,PHI,23.0,19.0,1,0,2.0,0.5454545454545454,0.0,0.3125,-2.0
2025_19_LAC_NE,2025,19,WC,LAC,NE,3.0,16.0,0,0,1.0,0.1,2.0,0.36363636363636365,1.0
2025_19_HOU_PIT,2025,19,WC,HOU,PIT,30.0,6.0,1,0,3.0,0.6666666666666666,2.0,0.14285714285714285,-1.0
2025_19_LA_CAR,2025,19,WC,LA,CAR,34.0,31.0,1,0,2.0,0.23076923076923078,1.0,0.4166666666666667,-1.0
2025_20_BUF_DEN,2025,20,DIV,BUF,DEN,30.0,33.0,0,0,5.0,0.6666666666666666,1.0,0.5,-4.0
2025_20_SF_SEA,2025,20,DIV,SF,SEA,6.0,41.0,0,0,3.0,0.5,0.0,0.4,-3.0
2025_20_LA_CHI,2025,20,DIV,LA,CHI,20.0,17.0,1,0,0.0,0.3125,3.0,0.47368421052631576,3.0
2025_20_HOU_NE,2025,20,DIV,HOU,NE,16.0,28.0,0,0,5.0,0.4117647058823529,3.0,0.21428571428571427,-2.0
2025_21_NE_DEN,2025,21,CON,NE,DEN,10.0,7.0,1,0,0.0,0.3333333333333333,2.0,0.2857142857142857,2.0
2025_21_LA_SEA,2025,21,CON,LA,SEA,27.0,31.0,0,0,0.0,0.125,1.0,0.5384615384615384,1.0
2025_22_SEA_NE,2025,22,SB,SEA,NE,29.0,13.0,1,0,0.0,0.25,3.0,0.4,3.0
